
> vacleaner-static@4.2.30 qa:static
> node scripts/qa-full.mjs static


=== stamp ===

> vacleaner-static@4.2.30 stamp
> node scripts/stamp-build.mjs

Synchronized static public copy across HTML, RSC and hydrated chunks.
Hardened public metadata for 29 sitemap routes.
Generated shared VAcleaner config 81f96f3fed7fdf9b
(node:12799) ExperimentalWarning: stripTypeScriptTypes is an experimental feature and might change at any time
(Use `node --trace-warnings ...` to show where the warning was created)
Tiered v4.1.45 delivery pricing already applied; skipping legacy scalar patch.
Applied editable delivery settings to admin runtime.
Stamped VAcleaner 4.2.30 (4230)

=== check ===

> vacleaner-static@4.2.30 check
> node scripts/check-system-spec.mjs && node scripts/check-build.mjs

SYSTEM SPEC CONTRACT: PASS · v4.2.30 build 4230
Build 4.2.30 passed 492 file checks. Shared config 81f96f3fed7fdf9b.

=== test:copy-integrity ===

> vacleaner-static@4.2.30 test:copy-integrity
> node scripts/test-static-copy-integrity.mjs

Static copy and dynamic-settings boundary: OK

=== test:package-language ===

> vacleaner-static@4.2.30 test:package-language
> node scripts/test-package-language.mjs

Package language contract: OK

=== test:delivery-settings ===

> vacleaner-static@4.2.30 test:delivery-settings
> node scripts/test-delivery-settings.mjs

Delivery settings checks passed: 13

=== test:public-seo ===

> vacleaner-static@4.2.30 test:public-seo
> node scripts/test-public-seo-audit.mjs

PASS: / has a deployable HTML file
PASS: / has a title
PASS: / has a concise page title
PASS: / has a useful meta description
PASS: / canonical matches sitemap URL
PASS: / Open Graph URL matches canonical
PASS: / Open Graph title matches the page
PASS: / Open Graph description matches the page
PASS: / Twitter title matches the page
PASS: / Twitter description matches the page
PASS: / has one rendered H1
PASS: / uses stable favicon URLs
PASS: / images have alt text
PASS: /pidbir/ has a deployable HTML file
PASS: /pidbir/ has a title
PASS: /pidbir/ has a concise page title
PASS: /pidbir/ has a useful meta description
PASS: /pidbir/ canonical matches sitemap URL
PASS: /pidbir/ Open Graph URL matches canonical
PASS: /pidbir/ Open Graph title matches the page
PASS: /pidbir/ Open Graph description matches the page
PASS: /pidbir/ Twitter title matches the page
PASS: /pidbir/ Twitter description matches the page
PASS: /pidbir/ has one rendered H1
PASS: /pidbir/ uses stable favicon URLs
PASS: /pidbir/ images have alt text
PASS: /tekhnika/karcher-puzzi-8-1/ has a deployable HTML file
PASS: /tekhnika/karcher-puzzi-8-1/ has a title
PASS: /tekhnika/karcher-puzzi-8-1/ has a concise page title
PASS: /tekhnika/karcher-puzzi-8-1/ has a useful meta description
PASS: /tekhnika/karcher-puzzi-8-1/ canonical matches sitemap URL
PASS: /tekhnika/karcher-puzzi-8-1/ Open Graph URL matches canonical
PASS: /tekhnika/karcher-puzzi-8-1/ Open Graph title matches the page
PASS: /tekhnika/karcher-puzzi-8-1/ Open Graph description matches the page
PASS: /tekhnika/karcher-puzzi-8-1/ Twitter title matches the page
PASS: /tekhnika/karcher-puzzi-8-1/ Twitter description matches the page
PASS: /tekhnika/karcher-puzzi-8-1/ has one rendered H1
PASS: /tekhnika/karcher-puzzi-8-1/ uses stable favicon URLs
PASS: /tekhnika/karcher-puzzi-8-1/ images have alt text
PASS: /tekhnika/karcher-sc-2-deluxe/ has a deployable HTML file
PASS: /tekhnika/karcher-sc-2-deluxe/ has a title
PASS: /tekhnika/karcher-sc-2-deluxe/ has a concise page title
PASS: /tekhnika/karcher-sc-2-deluxe/ has a useful meta description
PASS: /tekhnika/karcher-sc-2-deluxe/ canonical matches sitemap URL
PASS: /tekhnika/karcher-sc-2-deluxe/ Open Graph URL matches canonical
PASS: /tekhnika/karcher-sc-2-deluxe/ Open Graph title matches the page
PASS: /tekhnika/karcher-sc-2-deluxe/ Open Graph description matches the page
PASS: /tekhnika/karcher-sc-2-deluxe/ Twitter title matches the page
PASS: /tekhnika/karcher-sc-2-deluxe/ Twitter description matches the page
PASS: /tekhnika/karcher-sc-2-deluxe/ has one rendered H1
PASS: /tekhnika/karcher-sc-2-deluxe/ uses stable favicon URLs
PASS: /tekhnika/karcher-sc-2-deluxe/ images have alt text
PASS: /tekhnika/robot-dlia-vikon-abir/ has a deployable HTML file
PASS: /tekhnika/robot-dlia-vikon-abir/ has a title
PASS: /tekhnika/robot-dlia-vikon-abir/ has a concise page title
PASS: /tekhnika/robot-dlia-vikon-abir/ has a useful meta description
PASS: /tekhnika/robot-dlia-vikon-abir/ canonical matches sitemap URL
PASS: /tekhnika/robot-dlia-vikon-abir/ Open Graph URL matches canonical
PASS: /tekhnika/robot-dlia-vikon-abir/ Open Graph title matches the page
PASS: /tekhnika/robot-dlia-vikon-abir/ Open Graph description matches the page
PASS: /tekhnika/robot-dlia-vikon-abir/ Twitter title matches the page
PASS: /tekhnika/robot-dlia-vikon-abir/ Twitter description matches the page
PASS: /tekhnika/robot-dlia-vikon-abir/ has one rendered H1
PASS: /tekhnika/robot-dlia-vikon-abir/ uses stable favicon URLs
PASS: /tekhnika/robot-dlia-vikon-abir/ images have alt text
PASS: /rishennia/ has a deployable HTML file
PASS: /rishennia/ has a title
PASS: /rishennia/ has a concise page title
PASS: /rishennia/ has a useful meta description
PASS: /rishennia/ canonical matches sitemap URL
PASS: /rishennia/ Open Graph URL matches canonical
PASS: /rishennia/ Open Graph title matches the page
PASS: /rishennia/ Open Graph description matches the page
PASS: /rishennia/ Twitter title matches the page
PASS: /rishennia/ Twitter description matches the page
PASS: /rishennia/ has one rendered H1
PASS: /rishennia/ uses stable favicon URLs
PASS: /rishennia/ images have alt text
PASS: /rishennia/textile/ has a deployable HTML file
PASS: /rishennia/textile/ has a title
PASS: /rishennia/textile/ has a concise page title
PASS: /rishennia/textile/ has a useful meta description
PASS: /rishennia/textile/ canonical matches sitemap URL
PASS: /rishennia/textile/ Open Graph URL matches canonical
PASS: /rishennia/textile/ Open Graph title matches the page
PASS: /rishennia/textile/ Open Graph description matches the page
PASS: /rishennia/textile/ Twitter title matches the page
PASS: /rishennia/textile/ Twitter description matches the page
PASS: /rishennia/textile/ has one rendered H1
PASS: /rishennia/textile/ uses stable favicon URLs
PASS: /rishennia/textile/ images have alt text
PASS: /rishennia/mattress/ has a deployable HTML file
PASS: /rishennia/mattress/ has a title
PASS: /rishennia/mattress/ has a concise page title
PASS: /rishennia/mattress/ has a useful meta description
PASS: /rishennia/mattress/ canonical matches sitemap URL
PASS: /rishennia/mattress/ Open Graph URL matches canonical
PASS: /rishennia/mattress/ Open Graph title matches the page
PASS: /rishennia/mattress/ Open Graph description matches the page
PASS: /rishennia/mattress/ Twitter title matches the page
PASS: /rishennia/mattress/ Twitter description matches the page
PASS: /rishennia/mattress/ has one rendered H1
PASS: /rishennia/mattress/ uses stable favicon URLs
PASS: /rishennia/mattress/ images have alt text
PASS: /rishennia/steam/ has a deployable HTML file
PASS: /rishennia/steam/ has a title
PASS: /rishennia/steam/ has a concise page title
PASS: /rishennia/steam/ has a useful meta description
PASS: /rishennia/steam/ canonical matches sitemap URL
PASS: /rishennia/steam/ Open Graph URL matches canonical
PASS: /rishennia/steam/ Open Graph title matches the page
PASS: /rishennia/steam/ Open Graph description matches the page
PASS: /rishennia/steam/ Twitter title matches the page
PASS: /rishennia/steam/ Twitter description matches the page
PASS: /rishennia/steam/ has one rendered H1
PASS: /rishennia/steam/ uses stable favicon URLs
PASS: /rishennia/steam/ images have alt text
PASS: /rishennia/windows/ has a deployable HTML file
PASS: /rishennia/windows/ has a title
PASS: /rishennia/windows/ has a concise page title
PASS: /rishennia/windows/ has a useful meta description
PASS: /rishennia/windows/ canonical matches sitemap URL
PASS: /rishennia/windows/ Open Graph URL matches canonical
PASS: /rishennia/windows/ Open Graph title matches the page
PASS: /rishennia/windows/ Open Graph description matches the page
PASS: /rishennia/windows/ Twitter title matches the page
PASS: /rishennia/windows/ Twitter description matches the page
PASS: /rishennia/windows/ has one rendered H1
PASS: /rishennia/windows/ uses stable favicon URLs
PASS: /rishennia/windows/ images have alt text
PASS: /komplekty/ has a deployable HTML file
PASS: /komplekty/ has a title
PASS: /komplekty/ has a concise page title
PASS: /komplekty/ has a useful meta description
PASS: /komplekty/ canonical matches sitemap URL
PASS: /komplekty/ Open Graph URL matches canonical
PASS: /komplekty/ Open Graph title matches the page
PASS: /komplekty/ Open Graph description matches the page
PASS: /komplekty/ Twitter title matches the page
PASS: /komplekty/ Twitter description matches the page
PASS: /komplekty/ has one rendered H1
PASS: /komplekty/ uses stable favicon URLs
PASS: /komplekty/ images have alt text
PASS: /bronuvannia/ has a deployable HTML file
PASS: /bronuvannia/ has a title
PASS: /bronuvannia/ has a concise page title
PASS: /bronuvannia/ has a useful meta description
PASS: /bronuvannia/ canonical matches sitemap URL
PASS: /bronuvannia/ Open Graph URL matches canonical
PASS: /bronuvannia/ Open Graph title matches the page
PASS: /bronuvannia/ Open Graph description matches the page
PASS: /bronuvannia/ Twitter title matches the page
PASS: /bronuvannia/ Twitter description matches the page
PASS: /bronuvannia/ has one rendered H1
PASS: /bronuvannia/ uses stable favicon URLs
PASS: /bronuvannia/ images have alt text
PASS: /vidhuky/ has a deployable HTML file
PASS: /vidhuky/ has a title
PASS: /vidhuky/ has a concise page title
PASS: /vidhuky/ has a useful meta description
PASS: /vidhuky/ canonical matches sitemap URL
PASS: /vidhuky/ Open Graph URL matches canonical
PASS: /vidhuky/ Open Graph title matches the page
PASS: /vidhuky/ Open Graph description matches the page
PASS: /vidhuky/ Twitter title matches the page
PASS: /vidhuky/ Twitter description matches the page
PASS: /vidhuky/ has one rendered H1
PASS: /vidhuky/ uses stable favicon URLs
PASS: /vidhuky/ images have alt text
PASS: /yak-tse-pratsiuie/ has a deployable HTML file
PASS: /yak-tse-pratsiuie/ has a title
PASS: /yak-tse-pratsiuie/ has a concise page title
PASS: /yak-tse-pratsiuie/ has a useful meta description
PASS: /yak-tse-pratsiuie/ canonical matches sitemap URL
PASS: /yak-tse-pratsiuie/ Open Graph URL matches canonical
PASS: /yak-tse-pratsiuie/ Open Graph title matches the page
PASS: /yak-tse-pratsiuie/ Open Graph description matches the page
PASS: /yak-tse-pratsiuie/ Twitter title matches the page
PASS: /yak-tse-pratsiuie/ Twitter description matches the page
PASS: /yak-tse-pratsiuie/ has one rendered H1
PASS: /yak-tse-pratsiuie/ uses stable favicon URLs
PASS: /yak-tse-pratsiuie/ images have alt text
PASS: /pro-nas/ has a deployable HTML file
PASS: /pro-nas/ has a title
PASS: /pro-nas/ has a concise page title
PASS: /pro-nas/ has a useful meta description
PASS: /pro-nas/ canonical matches sitemap URL
PASS: /pro-nas/ Open Graph URL matches canonical
PASS: /pro-nas/ Open Graph title matches the page
PASS: /pro-nas/ Open Graph description matches the page
PASS: /pro-nas/ Twitter title matches the page
PASS: /pro-nas/ Twitter description matches the page
PASS: /pro-nas/ has one rendered H1
PASS: /pro-nas/ uses stable favicon URLs
PASS: /pro-nas/ images have alt text
PASS: /dostavka/ has a deployable HTML file
PASS: /dostavka/ has a title
PASS: /dostavka/ has a concise page title
PASS: /dostavka/ has a useful meta description
PASS: /dostavka/ canonical matches sitemap URL
PASS: /dostavka/ Open Graph URL matches canonical
PASS: /dostavka/ Open Graph title matches the page
PASS: /dostavka/ Open Graph description matches the page
PASS: /dostavka/ Twitter title matches the page
PASS: /dostavka/ Twitter description matches the page
PASS: /dostavka/ has one rendered H1
PASS: /dostavka/ uses stable favicon URLs
PASS: /dostavka/ images have alt text
PASS: /faq/ has a deployable HTML file
PASS: /faq/ has a title
PASS: /faq/ has a concise page title
PASS: /faq/ has a useful meta description
PASS: /faq/ canonical matches sitemap URL
PASS: /faq/ Open Graph URL matches canonical
PASS: /faq/ Open Graph title matches the page
PASS: /faq/ Open Graph description matches the page
PASS: /faq/ Twitter title matches the page
PASS: /faq/ Twitter description matches the page
PASS: /faq/ has one rendered H1
PASS: /faq/ uses stable favicon URLs
PASS: /faq/ images have alt text
PASS: /umovy/ has a deployable HTML file
PASS: /umovy/ has a title
PASS: /umovy/ has a concise page title
PASS: /umovy/ has a useful meta description
PASS: /umovy/ canonical matches sitemap URL
PASS: /umovy/ Open Graph URL matches canonical
PASS: /umovy/ Open Graph title matches the page
PASS: /umovy/ Open Graph description matches the page
PASS: /umovy/ Twitter title matches the page
PASS: /umovy/ Twitter description matches the page
PASS: /umovy/ has one rendered H1
PASS: /umovy/ uses stable favicon URLs
PASS: /umovy/ images have alt text
PASS: /kontakty/ has a deployable HTML file
PASS: /kontakty/ has a title
PASS: /kontakty/ has a concise page title
PASS: /kontakty/ has a useful meta description
PASS: /kontakty/ canonical matches sitemap URL
PASS: /kontakty/ Open Graph URL matches canonical
PASS: /kontakty/ Open Graph title matches the page
PASS: /kontakty/ Open Graph description matches the page
PASS: /kontakty/ Twitter title matches the page
PASS: /kontakty/ Twitter description matches the page
PASS: /kontakty/ has one rendered H1
PASS: /kontakty/ uses stable favicon URLs
PASS: /kontakty/ images have alt text
PASS: /blog/ has a deployable HTML file
PASS: /blog/ has a title
PASS: /blog/ has a concise page title
PASS: /blog/ has a useful meta description
PASS: /blog/ canonical matches sitemap URL
PASS: /blog/ Open Graph URL matches canonical
PASS: /blog/ Open Graph title matches the page
PASS: /blog/ Open Graph description matches the page
PASS: /blog/ Twitter title matches the page
PASS: /blog/ Twitter description matches the page
PASS: /blog/ has one rendered H1
PASS: /blog/ uses stable favicon URLs
PASS: /blog/ images have alt text
PASS: /blog/yak-vyvesty-plyamu-z-dyvana/ has a deployable HTML file
PASS: /blog/yak-vyvesty-plyamu-z-dyvana/ has a title
PASS: /blog/yak-vyvesty-plyamu-z-dyvana/ has a concise page title
PASS: /blog/yak-vyvesty-plyamu-z-dyvana/ has a useful meta description
PASS: /blog/yak-vyvesty-plyamu-z-dyvana/ canonical matches sitemap URL
PASS: /blog/yak-vyvesty-plyamu-z-dyvana/ Open Graph URL matches canonical
PASS: /blog/yak-vyvesty-plyamu-z-dyvana/ Open Graph title matches the page
PASS: /blog/yak-vyvesty-plyamu-z-dyvana/ Open Graph description matches the page
PASS: /blog/yak-vyvesty-plyamu-z-dyvana/ Twitter title matches the page
PASS: /blog/yak-vyvesty-plyamu-z-dyvana/ Twitter description matches the page
PASS: /blog/yak-vyvesty-plyamu-z-dyvana/ has one rendered H1
PASS: /blog/yak-vyvesty-plyamu-z-dyvana/ uses stable favicon URLs
PASS: /blog/yak-vyvesty-plyamu-z-dyvana/ images have alt text
PASS: /blog/skilky-sokhne-dyvan-pislia-chyshchennia/ has a deployable HTML file
PASS: /blog/skilky-sokhne-dyvan-pislia-chyshchennia/ has a title
PASS: /blog/skilky-sokhne-dyvan-pislia-chyshchennia/ has a concise page title
PASS: /blog/skilky-sokhne-dyvan-pislia-chyshchennia/ has a useful meta description
PASS: /blog/skilky-sokhne-dyvan-pislia-chyshchennia/ canonical matches sitemap URL
PASS: /blog/skilky-sokhne-dyvan-pislia-chyshchennia/ Open Graph URL matches canonical
PASS: /blog/skilky-sokhne-dyvan-pislia-chyshchennia/ Open Graph title matches the page
PASS: /blog/skilky-sokhne-dyvan-pislia-chyshchennia/ Open Graph description matches the page
PASS: /blog/skilky-sokhne-dyvan-pislia-chyshchennia/ Twitter title matches the page
PASS: /blog/skilky-sokhne-dyvan-pislia-chyshchennia/ Twitter description matches the page
PASS: /blog/skilky-sokhne-dyvan-pislia-chyshchennia/ has one rendered H1
PASS: /blog/skilky-sokhne-dyvan-pislia-chyshchennia/ uses stable favicon URLs
PASS: /blog/skilky-sokhne-dyvan-pislia-chyshchennia/ images have alt text
PASS: /blog/yak-pochystyty-matrats-pislia-dytyny/ has a deployable HTML file
PASS: /blog/yak-pochystyty-matrats-pislia-dytyny/ has a title
PASS: /blog/yak-pochystyty-matrats-pislia-dytyny/ has a concise page title
PASS: /blog/yak-pochystyty-matrats-pislia-dytyny/ has a useful meta description
PASS: /blog/yak-pochystyty-matrats-pislia-dytyny/ canonical matches sitemap URL
PASS: /blog/yak-pochystyty-matrats-pislia-dytyny/ Open Graph URL matches canonical
PASS: /blog/yak-pochystyty-matrats-pislia-dytyny/ Open Graph title matches the page
PASS: /blog/yak-pochystyty-matrats-pislia-dytyny/ Open Graph description matches the page
PASS: /blog/yak-pochystyty-matrats-pislia-dytyny/ Twitter title matches the page
PASS: /blog/yak-pochystyty-matrats-pislia-dytyny/ Twitter description matches the page
PASS: /blog/yak-pochystyty-matrats-pislia-dytyny/ has one rendered H1
PASS: /blog/yak-pochystyty-matrats-pislia-dytyny/ uses stable favicon URLs
PASS: /blog/yak-pochystyty-matrats-pislia-dytyny/ images have alt text
PASS: /blog/yak-pochystyty-dyvan-vdoma/ has a deployable HTML file
PASS: /blog/yak-pochystyty-dyvan-vdoma/ has a title
PASS: /blog/yak-pochystyty-dyvan-vdoma/ has a concise page title
PASS: /blog/yak-pochystyty-dyvan-vdoma/ has a useful meta description
PASS: /blog/yak-pochystyty-dyvan-vdoma/ canonical matches sitemap URL
PASS: /blog/yak-pochystyty-dyvan-vdoma/ Open Graph URL matches canonical
PASS: /blog/yak-pochystyty-dyvan-vdoma/ Open Graph title matches the page
PASS: /blog/yak-pochystyty-dyvan-vdoma/ Open Graph description matches the page
PASS: /blog/yak-pochystyty-dyvan-vdoma/ Twitter title matches the page
PASS: /blog/yak-pochystyty-dyvan-vdoma/ Twitter description matches the page
PASS: /blog/yak-pochystyty-dyvan-vdoma/ has one rendered H1
PASS: /blog/yak-pochystyty-dyvan-vdoma/ uses stable favicon URLs
PASS: /blog/yak-pochystyty-dyvan-vdoma/ images have alt text
PASS: /blog/yak-prybraty-zapakh-z-dyvana/ has a deployable HTML file
PASS: /blog/yak-prybraty-zapakh-z-dyvana/ has a title
PASS: /blog/yak-prybraty-zapakh-z-dyvana/ has a concise page title
PASS: /blog/yak-prybraty-zapakh-z-dyvana/ has a useful meta description
PASS: /blog/yak-prybraty-zapakh-z-dyvana/ canonical matches sitemap URL
PASS: /blog/yak-prybraty-zapakh-z-dyvana/ Open Graph URL matches canonical
PASS: /blog/yak-prybraty-zapakh-z-dyvana/ Open Graph title matches the page
PASS: /blog/yak-prybraty-zapakh-z-dyvana/ Open Graph description matches the page
PASS: /blog/yak-prybraty-zapakh-z-dyvana/ Twitter title matches the page
PASS: /blog/yak-prybraty-zapakh-z-dyvana/ Twitter description matches the page
PASS: /blog/yak-prybraty-zapakh-z-dyvana/ has one rendered H1
PASS: /blog/yak-prybraty-zapakh-z-dyvana/ uses stable favicon URLs
PASS: /blog/yak-prybraty-zapakh-z-dyvana/ images have alt text
PASS: /blog/yak-pochystyty-matrats-vdoma/ has a deployable HTML file
PASS: /blog/yak-pochystyty-matrats-vdoma/ has a title
PASS: /blog/yak-pochystyty-matrats-vdoma/ has a concise page title
PASS: /blog/yak-pochystyty-matrats-vdoma/ has a useful meta description
PASS: /blog/yak-pochystyty-matrats-vdoma/ canonical matches sitemap URL
PASS: /blog/yak-pochystyty-matrats-vdoma/ Open Graph URL matches canonical
PASS: /blog/yak-pochystyty-matrats-vdoma/ Open Graph title matches the page
PASS: /blog/yak-pochystyty-matrats-vdoma/ Open Graph description matches the page
PASS: /blog/yak-pochystyty-matrats-vdoma/ Twitter title matches the page
PASS: /blog/yak-pochystyty-matrats-vdoma/ Twitter description matches the page
PASS: /blog/yak-pochystyty-matrats-vdoma/ has one rendered H1
PASS: /blog/yak-pochystyty-matrats-vdoma/ uses stable favicon URLs
PASS: /blog/yak-pochystyty-matrats-vdoma/ images have alt text
PASS: /blog/shcho-mozhna-i-ne-mozhna-chystyty-paroochysnykom/ has a deployable HTML file
PASS: /blog/shcho-mozhna-i-ne-mozhna-chystyty-paroochysnykom/ has a title
PASS: /blog/shcho-mozhna-i-ne-mozhna-chystyty-paroochysnykom/ has a concise page title
PASS: /blog/shcho-mozhna-i-ne-mozhna-chystyty-paroochysnykom/ has a useful meta description
PASS: /blog/shcho-mozhna-i-ne-mozhna-chystyty-paroochysnykom/ canonical matches sitemap URL
PASS: /blog/shcho-mozhna-i-ne-mozhna-chystyty-paroochysnykom/ Open Graph URL matches canonical
PASS: /blog/shcho-mozhna-i-ne-mozhna-chystyty-paroochysnykom/ Open Graph title matches the page
PASS: /blog/shcho-mozhna-i-ne-mozhna-chystyty-paroochysnykom/ Open Graph description matches the page
PASS: /blog/shcho-mozhna-i-ne-mozhna-chystyty-paroochysnykom/ Twitter title matches the page
PASS: /blog/shcho-mozhna-i-ne-mozhna-chystyty-paroochysnykom/ Twitter description matches the page
PASS: /blog/shcho-mozhna-i-ne-mozhna-chystyty-paroochysnykom/ has one rendered H1
PASS: /blog/shcho-mozhna-i-ne-mozhna-chystyty-paroochysnykom/ uses stable favicon URLs
PASS: /blog/shcho-mozhna-i-ne-mozhna-chystyty-paroochysnykom/ images have alt text
PASS: /blog/yak-pomyty-vikna-robotom/ has a deployable HTML file
PASS: /blog/yak-pomyty-vikna-robotom/ has a title
PASS: /blog/yak-pomyty-vikna-robotom/ has a concise page title
PASS: /blog/yak-pomyty-vikna-robotom/ has a useful meta description
PASS: /blog/yak-pomyty-vikna-robotom/ canonical matches sitemap URL
PASS: /blog/yak-pomyty-vikna-robotom/ Open Graph URL matches canonical
PASS: /blog/yak-pomyty-vikna-robotom/ Open Graph title matches the page
PASS: /blog/yak-pomyty-vikna-robotom/ Open Graph description matches the page
PASS: /blog/yak-pomyty-vikna-robotom/ Twitter title matches the page
PASS: /blog/yak-pomyty-vikna-robotom/ Twitter description matches the page
PASS: /blog/yak-pomyty-vikna-robotom/ has one rendered H1
PASS: /blog/yak-pomyty-vikna-robotom/ uses stable favicon URLs
PASS: /blog/yak-pomyty-vikna-robotom/ images have alt text
PASS: /polityka-konfidenciynosti/ has a deployable HTML file
PASS: /polityka-konfidenciynosti/ has a title
PASS: /polityka-konfidenciynosti/ has a concise page title
PASS: /polityka-konfidenciynosti/ has a useful meta description
PASS: /polityka-konfidenciynosti/ canonical matches sitemap URL
PASS: /polityka-konfidenciynosti/ Open Graph URL matches canonical
PASS: /polityka-konfidenciynosti/ Open Graph title matches the page
PASS: /polityka-konfidenciynosti/ Open Graph description matches the page
PASS: /polityka-konfidenciynosti/ Twitter title matches the page
PASS: /polityka-konfidenciynosti/ Twitter description matches the page
PASS: /polityka-konfidenciynosti/ has one rendered H1
PASS: /polityka-konfidenciynosti/ uses stable favicon URLs
PASS: /polityka-konfidenciynosti/ images have alt text
PASS: sitemap lastmod contains valid content dates, not future deploy dates
PASS: referenced local media exists: /apple-touch-icon.png
PASS: referenced local media exists: /assets/abir.webp
PASS: referenced local media exists: /assets/cleaning-process-poster.webp
PASS: referenced local media exists: /assets/jimmy.webp
PASS: referenced local media exists: /assets/og-booking.png
PASS: referenced local media exists: /assets/og-home.png
PASS: referenced local media exists: /assets/og-kits.png
PASS: referenced local media exists: /assets/og-reviews.png
PASS: referenced local media exists: /assets/og-solutions.png
PASS: referenced local media exists: /assets/puzzi.webp
PASS: referenced local media exists: /assets/review-1.webp
PASS: referenced local media exists: /assets/review-2.webp
PASS: referenced local media exists: /assets/review-3.webp
PASS: referenced local media exists: /assets/sc2.webp
PASS: referenced local media exists: /favicon-32x32.png
PASS: referenced local media exists: /favicon.ico
PASS: Puzzi JSON-LD does not expose a fixed pickup address
PASS: Puzzi landing preserves product context in booking CTAs
PASS: Puzzi hero image has intrinsic dimensions
PASS: Puzzi hero image fills its frame without distortion
PASS: Puzzi landing exposes one mobile booking bar
PASS: Puzzi landing never presents paid chemistry as included
PASS: Puzzi landing explains packet payment before booking
PASS: Puzzi structured data does not freeze the admin-controlled delivery fee
{
  "passed": 402,
  "failed": 0,
  "failures": []
}

=== test:growth-content ===

> vacleaner-static@4.2.30 test:growth-content
> node scripts/test-growth-content.mjs

Growth content, honest proof, booking chemistry clarity and new equipment SEO pages passed.

=== check:backend ===

> vacleaner-static@4.2.30 check:backend
> node scripts/check-backend-inventory.mjs

Committed backend inventory snapshot is internally consistent (not a live Supabase verification).

=== test:deposit-policy ===

> vacleaner-static@4.2.30 test:deposit-policy
> node scripts/test-deposit-policy.mjs

Rental/deposit/slot policy passed 66 assertions.

=== test:stabilization ===

> vacleaner-static@4.2.30 test:stabilization
> node scripts/test-stabilization.mjs

Stabilization contract passed 175 assertions.

=== test:css-architecture ===

> vacleaner-static@4.2.30 test:css-architecture
> node scripts/test-css-architecture.mjs

CSS architecture passed: admin 5 !important declaration(s), authored public override budgets frozen.

=== test:public-visual-contract ===

> vacleaner-static@4.2.30 test:public-visual-contract
> node scripts/test-public-visual-contract.mjs

PASS: / has exactly one global header
PASS: / uses the canonical desktop nav
PASS: / header CTA points to the correct booking context
PASS: / has no stale header labels
PASS: / contains no browser/emoji external-arrow glyph
PASS: / has exactly one canonical footer
PASS: /tekhnika/karcher-puzzi-8-1/ has exactly one global header
PASS: /tekhnika/karcher-puzzi-8-1/ uses the canonical desktop nav
PASS: /tekhnika/karcher-puzzi-8-1/ header CTA points to the correct booking context
PASS: /tekhnika/karcher-puzzi-8-1/ has no stale header labels
PASS: /tekhnika/karcher-puzzi-8-1/ contains no browser/emoji external-arrow glyph
PASS: /tekhnika/karcher-puzzi-8-1/ has exactly one canonical footer
PASS: /tekhnika/karcher-sc-2-deluxe/ has exactly one global header
PASS: /tekhnika/karcher-sc-2-deluxe/ uses the canonical desktop nav
PASS: /tekhnika/karcher-sc-2-deluxe/ header CTA points to the correct booking context
PASS: /tekhnika/karcher-sc-2-deluxe/ has no stale header labels
PASS: /tekhnika/karcher-sc-2-deluxe/ contains no browser/emoji external-arrow glyph
PASS: /tekhnika/karcher-sc-2-deluxe/ has exactly one canonical footer
PASS: /tekhnika/robot-dlia-vikon-abir/ has exactly one global header
PASS: /tekhnika/robot-dlia-vikon-abir/ uses the canonical desktop nav
PASS: /tekhnika/robot-dlia-vikon-abir/ header CTA points to the correct booking context
PASS: /tekhnika/robot-dlia-vikon-abir/ has no stale header labels
PASS: /tekhnika/robot-dlia-vikon-abir/ contains no browser/emoji external-arrow glyph
PASS: /tekhnika/robot-dlia-vikon-abir/ has exactly one canonical footer
PASS: /rishennia/ has exactly one global header
PASS: /rishennia/ uses the canonical desktop nav
PASS: /rishennia/ header CTA points to the correct booking context
PASS: /rishennia/ has no stale header labels
PASS: /rishennia/ contains no browser/emoji external-arrow glyph
PASS: /rishennia/ has exactly one canonical footer
PASS: /rishennia/textile/ has exactly one global header
PASS: /rishennia/textile/ uses the canonical desktop nav
PASS: /rishennia/textile/ header CTA points to the correct booking context
PASS: /rishennia/textile/ has no stale header labels
PASS: /rishennia/textile/ contains no browser/emoji external-arrow glyph
PASS: /rishennia/textile/ has exactly one canonical footer
PASS: /rishennia/steam/ has exactly one global header
PASS: /rishennia/steam/ uses the canonical desktop nav
PASS: /rishennia/steam/ header CTA points to the correct booking context
PASS: /rishennia/steam/ has no stale header labels
PASS: /rishennia/steam/ contains no browser/emoji external-arrow glyph
PASS: /rishennia/steam/ has exactly one canonical footer
PASS: /rishennia/mattress/ has exactly one global header
PASS: /rishennia/mattress/ uses the canonical desktop nav
PASS: /rishennia/mattress/ header CTA points to the correct booking context
PASS: /rishennia/mattress/ has no stale header labels
PASS: /rishennia/mattress/ contains no browser/emoji external-arrow glyph
PASS: /rishennia/mattress/ has exactly one canonical footer
PASS: /rishennia/windows/ has exactly one global header
PASS: /rishennia/windows/ uses the canonical desktop nav
PASS: /rishennia/windows/ header CTA points to the correct booking context
PASS: /rishennia/windows/ has no stale header labels
PASS: /rishennia/windows/ contains no browser/emoji external-arrow glyph
PASS: /rishennia/windows/ has exactly one canonical footer
PASS: /komplekty/ has exactly one global header
PASS: /komplekty/ uses the canonical desktop nav
PASS: /komplekty/ header CTA points to the correct booking context
PASS: /komplekty/ has no stale header labels
PASS: /komplekty/ contains no browser/emoji external-arrow glyph
PASS: /komplekty/ has exactly one canonical footer
PASS: /yak-tse-pratsiuie/ has exactly one global header
PASS: /yak-tse-pratsiuie/ uses the canonical desktop nav
PASS: /yak-tse-pratsiuie/ header CTA points to the correct booking context
PASS: /yak-tse-pratsiuie/ has no stale header labels
PASS: /yak-tse-pratsiuie/ contains no browser/emoji external-arrow glyph
PASS: /yak-tse-pratsiuie/ has exactly one canonical footer
PASS: /vidhuky/ has exactly one global header
PASS: /vidhuky/ uses the canonical desktop nav
PASS: /vidhuky/ header CTA points to the correct booking context
PASS: /vidhuky/ has no stale header labels
PASS: /vidhuky/ contains no browser/emoji external-arrow glyph
PASS: /vidhuky/ has exactly one canonical footer
PASS: /pidbir/ has exactly one global header
PASS: /pidbir/ uses the canonical desktop nav
PASS: /pidbir/ header CTA points to the correct booking context
PASS: /pidbir/ has no stale header labels
PASS: /pidbir/ contains no browser/emoji external-arrow glyph
PASS: /pidbir/ has exactly one canonical footer
PASS: /bronuvannia/ has exactly one global header
PASS: /bronuvannia/ uses the canonical desktop nav
PASS: /bronuvannia/ header CTA points to the correct booking context
PASS: /bronuvannia/ has no stale header labels
PASS: /bronuvannia/ contains no browser/emoji external-arrow glyph
PASS: /bronuvannia/ has exactly one canonical footer
PASS: /faq/ has exactly one global header
PASS: /faq/ uses the canonical desktop nav
PASS: /faq/ header CTA points to the correct booking context
PASS: /faq/ has no stale header labels
PASS: /faq/ contains no browser/emoji external-arrow glyph
PASS: /faq/ has exactly one canonical footer
PASS: /kontakty/ has exactly one global header
PASS: /kontakty/ uses the canonical desktop nav
PASS: /kontakty/ header CTA points to the correct booking context
PASS: /kontakty/ has no stale header labels
PASS: /kontakty/ contains no browser/emoji external-arrow glyph
PASS: /kontakty/ has exactly one canonical footer
PASS: /umovy/ has exactly one global header
PASS: /umovy/ uses the canonical desktop nav
PASS: /umovy/ header CTA points to the correct booking context
PASS: /umovy/ has no stale header labels
PASS: /umovy/ contains no browser/emoji external-arrow glyph
PASS: /umovy/ has exactly one canonical footer
PASS: /dostavka/ has exactly one global header
PASS: /dostavka/ uses the canonical desktop nav
PASS: /dostavka/ header CTA points to the correct booking context
PASS: /dostavka/ has no stale header labels
PASS: /dostavka/ contains no browser/emoji external-arrow glyph
PASS: /dostavka/ has exactly one canonical footer
PASS: /pro-nas/ has exactly one global header
PASS: /pro-nas/ uses the canonical desktop nav
PASS: /pro-nas/ header CTA points to the correct booking context
PASS: /pro-nas/ has no stale header labels
PASS: /pro-nas/ contains no browser/emoji external-arrow glyph
PASS: /pro-nas/ has exactly one canonical footer
PASS: /blog/ has exactly one global header
PASS: /blog/ uses the canonical desktop nav
PASS: /blog/ header CTA points to the correct booking context
PASS: /blog/ has no stale header labels
PASS: /blog/ contains no browser/emoji external-arrow glyph
PASS: /blog/ has exactly one canonical footer
PASS: /blog/yak-pochystyty-matrats-pislia-dytyny/ has exactly one global header
PASS: /blog/yak-pochystyty-matrats-pislia-dytyny/ uses the canonical desktop nav
PASS: /blog/yak-pochystyty-matrats-pislia-dytyny/ header CTA points to the correct booking context
PASS: /blog/yak-pochystyty-matrats-pislia-dytyny/ has no stale header labels
PASS: /blog/yak-pochystyty-matrats-pislia-dytyny/ contains no browser/emoji external-arrow glyph
PASS: /blog/yak-pochystyty-matrats-pislia-dytyny/ has exactly one canonical footer
PASS: /blog/yak-vyvesty-plyamu-z-dyvana/ has exactly one global header
PASS: /blog/yak-vyvesty-plyamu-z-dyvana/ uses the canonical desktop nav
PASS: /blog/yak-vyvesty-plyamu-z-dyvana/ header CTA points to the correct booking context
PASS: /blog/yak-vyvesty-plyamu-z-dyvana/ has no stale header labels
PASS: /blog/yak-vyvesty-plyamu-z-dyvana/ contains no browser/emoji external-arrow glyph
PASS: /blog/yak-vyvesty-plyamu-z-dyvana/ has exactly one canonical footer
PASS: /blog/skilky-sokhne-dyvan-pislia-chyshchennia/ has exactly one global header
PASS: /blog/skilky-sokhne-dyvan-pislia-chyshchennia/ uses the canonical desktop nav
PASS: /blog/skilky-sokhne-dyvan-pislia-chyshchennia/ header CTA points to the correct booking context
PASS: /blog/skilky-sokhne-dyvan-pislia-chyshchennia/ has no stale header labels
PASS: /blog/skilky-sokhne-dyvan-pislia-chyshchennia/ contains no browser/emoji external-arrow glyph
PASS: /blog/skilky-sokhne-dyvan-pislia-chyshchennia/ has exactly one canonical footer
PASS: /polityka-konfidenciynosti/ has exactly one global header
PASS: /polityka-konfidenciynosti/ uses the canonical desktop nav
PASS: /polityka-konfidenciynosti/ header CTA points to the correct booking context
PASS: /polityka-konfidenciynosti/ has no stale header labels
PASS: /polityka-konfidenciynosti/ contains no browser/emoji external-arrow glyph
PASS: /polityka-konfidenciynosti/ has exactly one canonical footer
PASS: /pidbir/ hides fallback only after quiz readiness
PASS: /pidbir/ locks page scroll only after quiz readiness
PASS: /pidbir/ marks quiz ready only after openQuiz
PASS: mobile booking isolates the four-step wizard from footer/reviews
PASS: mobile booking progress buttons switch only to unlocked steps
PASS: mobile booking uses a short non-truncated deposit hint
PASS: public booking uses the shared slot configuration and validates remote overrides
PASS: custom booking slot UI fully removes the native select from iOS hit-testing
PASS: custom booking slot buttons suppress wrapping-label native select activation
PASS: custom booking date trigger suppresses wrapping-label native date activation
PASS: product-aware booking collapses the catalogue behind an explicit change action
PASS: equipment-change action is visually explicit and keeps the selected package named
PASS: desktop booking keeps long stain-remover titles on one line
PASS: booking add-on price has a dedicated anchored position
PASS: quiz recommendation uses a contained card and stable action column
PASS: quiz price and Added action are visually separated
PASS: quiz progress never claims a false dynamic total
PASS: Smart Guide progress stays centered, single-line and clear of the close button
PASS: quiz clears answers that belong to removed zones
PASS: quiz can actually recommend Jimmy for dry textile preparation
PASS: quiz merges duplicate window modes and includes SC 2 when frames or joints are selected
PASS: quiz shows one backend-matching discounted rental price without a duplicate bonus block
PASS: quiz result keeps total and booking CTA visible in the fixed dialog footer
PASS: booking uses the final VA SPOT FIX professional explanation
PASS: booking consent has complete legal links and punctuation
PASS: home solution CTA opens the dedicated quiz route
PASS: textile solution makes the equipment name itself clickable without a separate Puzzi CTA
PASS: steam and windows solution pages expose server-rendered equipment links with a runtime safety bridge
PASS: windows solution does not duplicate the ABIR product label
PASS: small-desktop editorial heroes have a dedicated safe grid
PASS: light service cards explicitly restore dark text contrast
PASS: runtime no longer rewrites the global navigation after first paint
PASS: runtime no longer uses delayed header/footer patch timers
PASS: historical v4 generator cannot reintroduce runtime nav rewriting
PASS: historical v4 generator cannot reintroduce delayed patch timers
PASS: historical v4 generator cannot reintroduce emoji arrow glyphs
PASS: historical v4 generator preserves current public visual hardening
PASS: _next/static/chunks/01pb0x0z72e41.js contains no stale hydrated footer labels
PASS: _next/static/chunks/146ntlcv_t6~w-v4041.js contains no stale hydrated footer labels
PASS: _next/static/chunks/0x2bx8kerxrmz.js contains no stale hydrated footer labels
PASS: public structured data no longer advertises the stale 350 UAH minimum
PASS: public favicon URLs are stable and unversioned
PASS: packages desktop catalogue has a complete 3×2 set with no empty third slot
PASS: packages page exposes all six canonical client-facing package names
PASS: booking exposes the same six canonical client-facing package names
PASS: booking exposes stable product identity for browser regressions independently from marketing copy
PASS: booking catalogue contains exactly three standalone items plus six packages
PASS: booking presents Puzzi by model first and task second
PASS: booking presents SC 2 by model first and task second
PASS: booking keeps the window robot copy plain-language
PASS: public catalogue never exposes the legacy “Комбо” name
PASS: soft navigation restores the six-card package catalogue after RSC transitions
PASS: public package titles are canonical before and after async catalog refreshes
PASS: package hydration payload contains no legacy combo reconciliation key
PASS: desktop package cards reserve shared title/items/purpose/list/price zones for aligned amounts
PASS: package catalogue uses a two-column bridge before the three-column desktop layout becomes cramped
PASS: long final package title reserves a four-line zone across all three-column desktops
PASS: two-column package bridge reserves a shared purpose zone so prices stay aligned
PASS: Puzzi landing does not publish a fixed pickup address
PASS: Puzzi hero image reserves its intrinsic aspect ratio
PASS: Puzzi landing includes one product-aware mobile booking bar
PASS: Puzzi hero image covers the complete bordered visual panel
{"passed":206,"failed":[],"status":"passed"}

=== test:retention ===

> vacleaner-static@4.2.30 test:retention
> node scripts/test-retention.mjs

Retention/campaign rules PASS: 27 checks.

=== test:booking-cta ===

> vacleaner-static@4.2.30 test:booking-cta
> node scripts/test-public-booking-cta-stability.mjs

Public booking CTA stability PASS: 14 checks.

=== test:process-metadata ===

> vacleaner-static@4.2.30 test:process-metadata
> node scripts/test-process-metadata.mjs

Process metadata / push copy PASS: 29 checks.

=== test:peer-admin-push ===

> vacleaner-static@4.2.30 test:peer-admin-push
> node scripts/test-peer-admin-push.mjs

Peer admin push / analytics layout PASS: 26 checks.

=== test:issue-workflow ===

> vacleaner-static@4.2.30 test:issue-workflow
> node scripts/test-issue-workflow.mjs

PASS: issue modal has a dedicated issue-only finance summary
PASS: issue modal explicitly shows only the amount collected at issue
PASS: issue UI defers final settlement to return
PASS: booking finance has an explicit rental-stage resolver
PASS: confirmed bookings are classified before issue regardless of deposit math
PASS: booking card renders no fake due/refund badge before issue
PASS: intermediate calculation is available only after issue
PASS: issued bookings expose a clearly preliminary settlement result
PASS: detail/upcoming copy ties preliminary settlement to return
PASS: issued finance modal is named preliminary, not final
PASS: finance modal labels intermediate and final stages separately
PASS: issue modal renders issueLive instead of final settlement live
PASS: issue modal never tells manager to take rental balance
PASS: issue reminder push exists
PASS: issue reminder asks for the security deposit
PASS: issue reminder has no rental-balance payment copy
PASS: issue reminder does not classify rental as paid at issue
PASS: final settlement still happens in the return flow
{
  "passed": 18,
  "failed": []
}

=== test:financial-control ===

> vacleaner-static@4.2.30 test:financial-control
> node scripts/test-financial-control.mjs

Financial control formulas, backend validation and RLS contract passed.

=== test:operational-health ===

> vacleaner-static@4.2.30 test:operational-health
> node scripts/test-operational-health.mjs

Operational health contract passed.

=== test:analytics ===

> vacleaner-static@4.2.30 test:analytics
> node scripts/test-analytics-decision.mjs

Decision analytics formulas and UX contract passed.

=== test:smart-guide-logic ===

> vacleaner-static@4.2.30 test:smart-guide-logic
> node scripts/test-smart-guide-logic.mjs

{"passed":17,"failed":0,"status":"passed"}

=== test:booking-date-default ===

> vacleaner-static@4.2.30 test:booking-date-default
> node scripts/test-public-booking-date-default.mjs

Public booking +1 day default passed 9 assertions.

=== test:pwa-static ===

> vacleaner-static@4.2.30 test:pwa-static
> node scripts/test-pwa.mjs

PWA static tests passed 83 assertions.

=== test:sms-campaigns ===

> vacleaner-static@4.2.30 test:sms-campaigns
> node scripts/test-sms-campaigns.mjs

PASS: SMS history defines its date-time formatter
PASS: SMS dispatch history uses the defined date-time formatter
PASS: public booking injects optional marketing consent
PASS: marketing consent defaults to false
PASS: successful booking records explicit opt-in through dedicated endpoint
PASS: opt-in endpoint requires a recent matching booking
PASS: public consent endpoint supports SMS opt-out
PASS: short opt-out page is functional
PASS: SMS provider key remains server-side in Edge Function
PASS: SMS admin actions use VAcleaner-specific admin allowlist
PASS: legacy customer send requires explicit admin attestation
PASS: repeat SMS has a 90-day cooldown
PASS: marketing SMS requires opt-out link
PASS: national route blocks inactive sender
PASS: SMS uses a provider preflight before any real SendPulse campaign
PASS: SMS status and preflight can surface the current SendPulse balance
PASS: SendPulse HTTP errors preserve the provider error message for diagnostics
PASS: admin performs SendPulse preflight through the direct SMS Edge Function before arming final send
PASS: admin surfaces provider error details instead of a generic SendPulse toast
PASS: campaign SMS UI uses an automatic promo-link template
PASS: RETURN default copy is universal and activation-based
PASS: RETURN default preview stays within exactly two Unicode SMS parts
PASS: RETURN campaign type is not hard-coded to 180 days
PASS: RETURN SMS audience rule follows each campaign dormant_days value
PASS: RETURN and PERSONAL use server-side recipient promo linking
PASS: PERSONAL SMS audience is restricted to the reserved campaign phone
PASS: WEEKDAY, PRODUCT and QUIZ automatically insert their shared campaign promo link before sending
PASS: direct SMS backend resolves recipient-bound RETURN and PERSONAL promo links
PASS: RETURN preflight bypasses SendPulse address books and validates a ready personalized direct SMS
PASS: RETURN actual send expands each customer promo link inside VAcleaner before provider submission
PASS: personalized RETURN sends are throttled in small concurrent batches instead of one fragile address-book campaign
PASS: RETURN direct transport no longer depends on New/Active SendPulse address-book activation
PASS: each personalized recipient stores its own SendPulse campaign ID for delivery sync
PASS: v4.0.80 schema stores indexed per-recipient SendPulse campaign IDs
PASS: personalized SMS audit still stores the client promo code and short link
PASS: phone promo lookup is tied to issued SMS and returns only active unused bonuses
PASS: short /b bridge activates the personalized bonus before forwarding it into booking
PASS: booking page auto-fills short or full personalized promo fragments without double VA-prefixing
PASS: booking page also auto-fills regular promo query parameters such as PIDBIR5
PASS: active bookings are excluded even from all-base marketing sends
PASS: campaign audience omits clients already contacted inside the 90-day cooldown
PASS: admin defensively hides cooldown clients from the recipient list
PASS: cooldown KPI is preserved even though cooldown clients are hidden
PASS: SMS modal replacement rebinds close controls
PASS: campaign UI exposes SMS reactivation workflow
PASS: SMS audience exposes rental-count sorting controls
PASS: SMS audience renders completed rental count and sorts locally without backend changes
PASS: SMS audience has responsive sorting and rental-count styling
PASS: admin distinguishes legacy recipients and asks for attestation
PASS: SMS UI has dedicated responsive styling
PASS: SMS audience shows selected count and turns bulk-select into a reversible action
PASS: SMS journal is a separate workspace mode instead of competing with recipient selection
PASS: SMS journal drills into a narrow authenticated recipient-audit Edge Function without changing send transport
PASS: SMS dispatch detail exposes recipient phone, delivery state and promo code
PASS: Journal badge stays inside one control and mobile history actions have deliberate geometry
PASS: SMS journal separates campaign, date/time and audience count into desktop log columns
PASS: SMS journal uses table rhythm on desktop and compact cards below desktop
PASS: SMS journal date and audience metadata remain readable on desktop
PASS: SMS journal removes workflow stepper and empty workflow footer in history mode
PASS: SMS journal keeps readable desktop typography and usable refresh actions
PASS: SMS journal humanizes internal audience segment codes
PASS: SMS flow gives recipients the viewport and has an explicit short-desktop capacity contract
PASS: Desktop SMS recipient rows keep client identity and rental metadata on one horizontal line
PASS: SMS mobile footer keeps one compact, stable action row
PASS: SMS section kickers use a non-overlapping compact hierarchy
PASS: inactive SMS route has a visibly disabled send action
PASS: SMS modal hides native arrow scrollbars while retaining scroll
PASS: SMS header separates sender state from provider metadata without duplicate moderation text
PASS: SMS workflow is rebuilt into recipients, message and review steps
PASS: 320px SMS stepper uses readable short labels instead of clipped words
PASS: SMS review, legacy attestation and preflight states cannot regress to micro typography
PASS: campaign code modal adapts to content and keeps code owners readable
PASS: mobile SMS header removes tiny redundant labels and never collapses Journal to a single letter
PASS: SMS CTA uses correct Ukrainian recipient grammar
PASS: international route requires an explicit conscious choice while Sender ID is inactive
PASS: final review separates provider preflight from the real send action
PASS: existing customer base is migrated without pretending explicit consent
PASS: SMS audit tables are protected by RLS
PASS: privacy page documents SMS processing and opt-out
PASS: SendPulse secret is not embedded in admin frontend
PASS: E2E has no ambiguous booking-consent selectors
PASS: E2E addresses legal and marketing consent checkboxes separately
{
  "passed": 82,
  "failed": 0
}

=== test:auth-refresh ===

> vacleaner-static@4.2.30 test:auth-refresh
> node scripts/test-admin-refresh-singleflight.mjs

Admin refresh single-flight QA passed: 11 assertions.

=== test:booking-extras ===

> vacleaner-static@4.2.30 test:booking-extras
> node scripts/test-booking-extra-summary.mjs

Booking extra summary PASS: 11 checks.

=== test:density ===

> vacleaner-static@4.2.30 test:density
> node scripts/test-density.mjs

Desktop density guard passed.

=== test:v4.1.28-regressions ===

> vacleaner-static@4.2.30 test:v4.1.28-regressions
> node scripts/test-v4-1-28-regressions.mjs

PASS: admin backend discovers phone-bound promo codes
PASS: new admin booking resolves promo before pricing
PASS: resolved phone promo participates in best-discount pricing
PASS: admin booking redeems the winning promo atomically after create
PASS: admin create returns applied promo metadata to UI
PASS: customer lookup returns the active phone promo while pending bonus stays in the campaign API
PASS: admin new-booking lookup validates promo against current product/dates
PASS: new-booking UX visibly explains the phone promo
PASS: client card has a dedicated bonus section
PASS: client card loads promo independently of SMS history
PASS: SMS campaign bootstrap survives one secondary endpoint failure
PASS: campaign timeout is scoped to campaign API instead of core admin requests
PASS: RETURN active-booking rule matches the public promo validator
PASS: SMS audience failure has an explicit retry path
PASS: campaign overflow menu closes on outside tap
PASS: campaign overflow menu closes on Escape
PASS: campaign action closes the overflow menu immediately
{"passed":17,"failed":0}

=== test:v4.1.29-promo-issuance ===

> vacleaner-static@4.2.30 test:v4.1.29-promo-issuance
> node scripts/test-v4-1-29-promo-issuance.mjs

PASS: personalized SMS reserves code inactive
PASS: accepted SMS does not activate personalized promo
PASS: delivery sync does not activate promo
PASS: public bridge activates promo before booking redirect
PASS: activation is limited to personalized campaigns
PASS: activation requires issued SMS evidence
PASS: first click activates for 21 days
PASS: repeat click is idempotent and does not extend expiry
PASS: campaign end is activation-window boundary
PASS: activation extends campaign validity while issuance window stays fixed
PASS: phone lookup returns only active activated bonus
PASS: admin can activate issued bonus manually
PASS: admin manual activation requires matching SMS issuance
PASS: admin campaign API exposes pending issued bonus
PASS: booking UI offers explicit manager activation
PASS: RETURN SMS is universal and not Puzzi-specific
PASS: RETURN SMS explains activation and 21-day validity
PASS: campaign analytics expose activation funnel
PASS: PERSONAL reservation has no expiry before activation
PASS: existing booking RETURN can be detached atomically
PASS: active RETURN can be attached to existing booking
PASS: booking promo editor excludes current booking from active-booking guard
PASS: migration resets unredeemed v4.1.29 auto-active personalized codes to pending
v4.1.30 RETURN activation PASS: 23 checks.

=== test:v4.1.30-return-activation ===

> vacleaner-static@4.2.30 test:v4.1.30-return-activation
> node scripts/test-v4-1-30-return-activation.mjs

PASS: personalized SMS reserves code inactive
PASS: accepted SMS does not activate personalized promo
PASS: delivery sync does not activate promo
PASS: public bridge activates promo before booking redirect
PASS: activation is limited to personalized campaigns
PASS: activation requires issued SMS evidence
PASS: first click activates for 21 days
PASS: repeat click is idempotent and does not extend expiry
PASS: campaign end is activation-window boundary
PASS: activation extends campaign validity while issuance window stays fixed
PASS: phone lookup returns only active activated bonus
PASS: admin can activate issued bonus manually
PASS: admin manual activation requires matching SMS issuance
PASS: admin campaign API exposes pending issued bonus
PASS: booking UI offers explicit manager activation
PASS: RETURN SMS is universal and not Puzzi-specific
PASS: RETURN SMS explains activation and 21-day validity
PASS: campaign analytics expose activation funnel
PASS: PERSONAL reservation has no expiry before activation
PASS: existing booking RETURN can be detached atomically
PASS: active RETURN can be attached to existing booking
PASS: booking promo editor excludes current booking from active-booking guard
PASS: migration resets unredeemed v4.1.29 auto-active personalized codes to pending
v4.1.30 RETURN activation PASS: 23 checks.

=== test:v4.1.31-admin-booking-meta ===

> vacleaner-static@4.2.30 test:v4.1.31-admin-booking-meta
> node scripts/test-v4-1-31-admin-booking-meta.mjs

PASS: issued status badge uses readable medium weight
PASS: selected extras are no longer overly bold
PASS: quiz-origin metadata is derived from the booking promo
PASS: quiz promo has an explicit discount reason
PASS: booking card visibly marks Smart Guide origin
PASS: booking card shows discount reason separately from payment copy
PASS: booking finance detail separates rental before and after discount
PASS: booking finance detail explains why the discount exists
{"passed":8,"failed":0}

=== test:v4.1.32-return-detach-ux ===

> vacleaner-static@4.2.30 test:v4.1.32-return-detach-ux
> node scripts/test-v4-1-32-return-detach-ux.mjs

✓ explicit detach bypass is transaction-local and service RPC scoped
✓ ordinary promo edit guard remains present
✓ detach UI clears local promo state and refreshes booking cards
✓ booking edit header no longer carries redundant explainer
✓ RETURN and manual discount blocks are compact and calmer

=== test:v4.1.33-navigation-typography ===

> vacleaner-static@4.2.30 test:v4.1.33-navigation-typography
> node scripts/test-v4-1-33-navigation-typography.mjs

v4.1.33 navigation + typography regression checks passed

=== test:v4.1.34-address-assist ===

> vacleaner-static@4.2.30 test:v4.1.34-address-assist
> node scripts/test-v4-1-34-address-assist.mjs

v4.1.34 address assist regression: 15/15 OK

=== test:v4.1.35-suburb-address ===

> vacleaner-static@4.2.30 test:v4.1.35-suburb-address
> node scripts/test-v4-1-35-suburb-address.mjs

v4.1.35 suburb address regression: 8/8 OK

=== test:v4.1.36-delivery-entrance ===

> vacleaner-static@4.2.30 test:v4.1.36-delivery-entrance
> node scripts/test-v4-1-36-delivery-entrance-ux.mjs

OK   release keeps v4.1.36+ entrance-delivery feature
OK   delivery detail says entrance / landmark
OK   delivery note states to entrance
OK   apartment and floor are not prompted
OK   selected address explains delivery model
OK   browser smoke targets only base address input
OK   browser smoke fills access note separately
OK   CI runs address regressions before browser tests
v4.1.36 delivery entrance UX: 8/8

=== test:v4.1.37-booking-address-overflow ===

> vacleaner-static@4.2.30 test:v4.1.37-booking-address-overflow
> node scripts/test-v4-1-37-booking-address-overflow.mjs

PASS: booking delivery route is constrained
PASS: booking delivery address span is a sized block
PASS: long booking address uses ellipsis instead of intrinsic overflow
v4.1.37 booking address overflow: 3/3

=== test:v4.1.39-admin-visual-polish ===

> vacleaner-static@4.2.30 test:v4.1.39-admin-visual-polish
> node scripts/test-v4-1-39-admin-visual-polish.mjs

OK   release is v4.1.39+
OK   booking fields align to content start
OK   intermediate clients use explicit mobile stats
OK   old giant client pseudo labels are neutralized
OK   provider outage is a quiet manual fallback
OK   manual address status does not force OSM attribution
OK   manual helper has muted styling
OK   catalog action stays on one line
OK   workflow runs v4.1.39 visual regression
v4.1.39 admin visual polish: 9/9 OK

=== test:v4.1.41-fulfillment-ux ===

> vacleaner-static@4.2.30 test:v4.1.41-fulfillment-ux
> node scripts/test-v4-1-41-fulfillment-ux.mjs

OK   release keeps v4.1.41+ fulfillment contract
OK   fulfillment field has dedicated hook
OK   customer address is always present in booking form
OK   fulfillment sync keeps customer address editable and hides only delivery pricing
OK   delivery-only pricing block cannot be forced visible
OK   fulfillment field is max-content on desktop
OK   browser QA verifies pickup keeps customer address but hides pricing
OK   browser QA clicks client name instead of row center
OK   short desktop SMS modal keeps real viewport margins
v4.1.41 fulfillment UX: 9/9 OK

=== test:v4.1.44-booking-hardening ===

> vacleaner-static@4.2.30 test:v4.1.44-booking-hardening
> node scripts/test-v4-1-44-booking-hardening-smart-entry.mjs

v4.1.44 booking hardening + smart entry: OK

=== test:v4.1.45-trust-rules ===

> vacleaner-static@4.2.30 test:v4.1.45-trust-rules
> node scripts/test-v4-1-45-trust-rules.mjs

OK   release keeps v4.1.45+ trust rules
OK   delivery config keeps 250 base and 350 outside base
OK   250 zone settlements
OK   address helper exposes verification meta
OK   public payload sends verified address
OK   public backend has agreement fallback
OK   public summary leads with Poltava and separates suburb pricing
OK   admin has distance delivery tariffs
OK   cancel backend stores 72h policy
OK   cancel finance respects retained prepayment
OK   status correction clears cancellation metadata
OK   booking conditions avoid duplicate trust grid and keep compact service reassurance
OK   terms publish cancellation rule
OK   delivery page publishes local zone and other suburb tariffs
OK   FAQ publishes cancellation and delivery
OK   workflow runs v4.1.45 regression
v4.1.45 trust & rules: 16/16

=== test:v4.1.46-funnel-analytics ===

> vacleaner-static@4.2.30 test:v4.1.46-funnel-analytics
> node scripts/test-v4-1-46-funnel-analytics.mjs

OK   release keeps v4.1.46+ funnel analytics
OK   sitewide attribution keeps campaign parameters
OK   attribution survives internal navigation in sessionStorage
OK   booking funnel has requested core stages
OK   funnel carries CRO dimensions
OK   funnel has repeat/refresh dedupe state
OK   delivery analytics never captures a full address
OK   successful backend create still emits GA4 generate_lead
OK   generate_lead is bridged to booking_completed
OK   submit errors expose backend-safe error codes
OK   availability failures and sold-out dates are distinguishable
OK   RETURN and quiz attribution are explicit
OK   stamp injects analytics on public HTML and versions asset
OK   privacy documents anonymous funnel attribution
OK   CI runs funnel analytics regression
v4.1.46 funnel analytics: 15/15 OK

=== test:v4.1.47-seo-local ===

> vacleaner-static@4.2.30 test:v4.1.47-seo-local
> node scripts/test-v4-1-47-seo-local.mjs

OK   release keeps v4.1.47+ SEO structure
OK   SEO map covers exactly the sitemap routes
OK   / title follows intent map
OK   / description follows intent map
OK   / keeps useful title/description lengths
OK   / loads quiet SEO UI helper
OK   / LocalBusiness names core service area
OK   /pidbir/ title follows intent map
OK   /pidbir/ description follows intent map
OK   /pidbir/ keeps useful title/description lengths
OK   /pidbir/ loads quiet SEO UI helper
OK   /pidbir/ LocalBusiness names core service area
OK   /pidbir/ has BreadcrumbList schema
OK   /tekhnika/karcher-puzzi-8-1/ title follows intent map
OK   /tekhnika/karcher-puzzi-8-1/ description follows intent map
OK   /tekhnika/karcher-puzzi-8-1/ keeps useful title/description lengths
OK   /tekhnika/karcher-puzzi-8-1/ loads quiet SEO UI helper
OK   /tekhnika/karcher-puzzi-8-1/ LocalBusiness names core service area
OK   /tekhnika/karcher-puzzi-8-1/ has BreadcrumbList schema
OK   /tekhnika/karcher-sc-2-deluxe/ title follows intent map
OK   /tekhnika/karcher-sc-2-deluxe/ description follows intent map
OK   /tekhnika/karcher-sc-2-deluxe/ keeps useful title/description lengths
OK   /tekhnika/karcher-sc-2-deluxe/ loads quiet SEO UI helper
OK   /tekhnika/karcher-sc-2-deluxe/ LocalBusiness names core service area
OK   /tekhnika/karcher-sc-2-deluxe/ has BreadcrumbList schema
OK   /tekhnika/robot-dlia-vikon-abir/ title follows intent map
OK   /tekhnika/robot-dlia-vikon-abir/ description follows intent map
OK   /tekhnika/robot-dlia-vikon-abir/ keeps useful title/description lengths
OK   /tekhnika/robot-dlia-vikon-abir/ loads quiet SEO UI helper
OK   /tekhnika/robot-dlia-vikon-abir/ LocalBusiness names core service area
OK   /tekhnika/robot-dlia-vikon-abir/ has BreadcrumbList schema
OK   /rishennia/ title follows intent map
OK   /rishennia/ description follows intent map
OK   /rishennia/ keeps useful title/description lengths
OK   /rishennia/ loads quiet SEO UI helper
OK   /rishennia/ LocalBusiness names core service area
OK   /rishennia/ has BreadcrumbList schema
OK   /rishennia/textile/ title follows intent map
OK   /rishennia/textile/ description follows intent map
OK   /rishennia/textile/ keeps useful title/description lengths
OK   /rishennia/textile/ loads quiet SEO UI helper
OK   /rishennia/textile/ LocalBusiness names core service area
OK   /rishennia/textile/ has BreadcrumbList schema
OK   /rishennia/mattress/ title follows intent map
OK   /rishennia/mattress/ description follows intent map
OK   /rishennia/mattress/ keeps useful title/description lengths
OK   /rishennia/mattress/ loads quiet SEO UI helper
OK   /rishennia/mattress/ LocalBusiness names core service area
OK   /rishennia/mattress/ has BreadcrumbList schema
OK   /rishennia/steam/ title follows intent map
OK   /rishennia/steam/ description follows intent map
OK   /rishennia/steam/ keeps useful title/description lengths
OK   /rishennia/steam/ loads quiet SEO UI helper
OK   /rishennia/steam/ LocalBusiness names core service area
OK   /rishennia/steam/ has BreadcrumbList schema
OK   /rishennia/windows/ title follows intent map
OK   /rishennia/windows/ description follows intent map
OK   /rishennia/windows/ keeps useful title/description lengths
OK   /rishennia/windows/ loads quiet SEO UI helper
OK   /rishennia/windows/ LocalBusiness names core service area
OK   /rishennia/windows/ has BreadcrumbList schema
OK   /komplekty/ title follows intent map
OK   /komplekty/ description follows intent map
OK   /komplekty/ keeps useful title/description lengths
OK   /komplekty/ loads quiet SEO UI helper
OK   /komplekty/ LocalBusiness names core service area
OK   /komplekty/ has BreadcrumbList schema
OK   /bronuvannia/ title follows intent map
OK   /bronuvannia/ description follows intent map
OK   /bronuvannia/ keeps useful title/description lengths
OK   /bronuvannia/ loads quiet SEO UI helper
OK   /bronuvannia/ LocalBusiness names core service area
OK   /bronuvannia/ has BreadcrumbList schema
OK   /vidhuky/ title follows intent map
OK   /vidhuky/ description follows intent map
OK   /vidhuky/ keeps useful title/description lengths
OK   /vidhuky/ loads quiet SEO UI helper
OK   /vidhuky/ LocalBusiness names core service area
OK   /vidhuky/ has BreadcrumbList schema
OK   /yak-tse-pratsiuie/ title follows intent map
OK   /yak-tse-pratsiuie/ description follows intent map
OK   /yak-tse-pratsiuie/ keeps useful title/description lengths
OK   /yak-tse-pratsiuie/ loads quiet SEO UI helper
OK   /yak-tse-pratsiuie/ LocalBusiness names core service area
OK   /yak-tse-pratsiuie/ has BreadcrumbList schema
OK   /pro-nas/ title follows intent map
OK   /pro-nas/ description follows intent map
OK   /pro-nas/ keeps useful title/description lengths
OK   /pro-nas/ loads quiet SEO UI helper
OK   /pro-nas/ LocalBusiness names core service area
OK   /pro-nas/ has BreadcrumbList schema
OK   /dostavka/ title follows intent map
OK   /dostavka/ description follows intent map
OK   /dostavka/ keeps useful title/description lengths
OK   /dostavka/ loads quiet SEO UI helper
OK   /dostavka/ LocalBusiness names core service area
OK   /dostavka/ has BreadcrumbList schema
OK   /faq/ title follows intent map
OK   /faq/ description follows intent map
OK   /faq/ keeps useful title/description lengths
OK   /faq/ loads quiet SEO UI helper
OK   /faq/ LocalBusiness names core service area
OK   /faq/ has BreadcrumbList schema
OK   /umovy/ title follows intent map
OK   /umovy/ description follows intent map
OK   /umovy/ keeps useful title/description lengths
OK   /umovy/ loads quiet SEO UI helper
OK   /umovy/ LocalBusiness names core service area
OK   /umovy/ has BreadcrumbList schema
OK   /kontakty/ title follows intent map
OK   /kontakty/ description follows intent map
OK   /kontakty/ keeps useful title/description lengths
OK   /kontakty/ loads quiet SEO UI helper
OK   /kontakty/ LocalBusiness names core service area
OK   /kontakty/ has BreadcrumbList schema
OK   /blog/ title follows intent map
OK   /blog/ description follows intent map
OK   /blog/ keeps useful title/description lengths
OK   /blog/ loads quiet SEO UI helper
OK   /blog/ LocalBusiness names core service area
OK   /blog/ has BreadcrumbList schema
OK   /blog/yak-vyvesty-plyamu-z-dyvana/ title follows intent map
OK   /blog/yak-vyvesty-plyamu-z-dyvana/ description follows intent map
OK   /blog/yak-vyvesty-plyamu-z-dyvana/ keeps useful title/description lengths
OK   /blog/yak-vyvesty-plyamu-z-dyvana/ loads quiet SEO UI helper
OK   /blog/yak-vyvesty-plyamu-z-dyvana/ LocalBusiness names core service area
OK   /blog/yak-vyvesty-plyamu-z-dyvana/ has BreadcrumbList schema
OK   /blog/skilky-sokhne-dyvan-pislia-chyshchennia/ title follows intent map
OK   /blog/skilky-sokhne-dyvan-pislia-chyshchennia/ description follows intent map
OK   /blog/skilky-sokhne-dyvan-pislia-chyshchennia/ keeps useful title/description lengths
OK   /blog/skilky-sokhne-dyvan-pislia-chyshchennia/ loads quiet SEO UI helper
OK   /blog/skilky-sokhne-dyvan-pislia-chyshchennia/ LocalBusiness names core service area
OK   /blog/skilky-sokhne-dyvan-pislia-chyshchennia/ has BreadcrumbList schema
OK   /blog/yak-pochystyty-matrats-pislia-dytyny/ title follows intent map
OK   /blog/yak-pochystyty-matrats-pislia-dytyny/ description follows intent map
OK   /blog/yak-pochystyty-matrats-pislia-dytyny/ keeps useful title/description lengths
OK   /blog/yak-pochystyty-matrats-pislia-dytyny/ loads quiet SEO UI helper
OK   /blog/yak-pochystyty-matrats-pislia-dytyny/ LocalBusiness names core service area
OK   /blog/yak-pochystyty-matrats-pislia-dytyny/ has BreadcrumbList schema
OK   /blog/yak-pochystyty-dyvan-vdoma/ title follows intent map
OK   /blog/yak-pochystyty-dyvan-vdoma/ description follows intent map
OK   /blog/yak-pochystyty-dyvan-vdoma/ keeps useful title/description lengths
OK   /blog/yak-pochystyty-dyvan-vdoma/ loads quiet SEO UI helper
OK   /blog/yak-pochystyty-dyvan-vdoma/ LocalBusiness names core service area
OK   /blog/yak-pochystyty-dyvan-vdoma/ has BreadcrumbList schema
OK   /blog/yak-prybraty-zapakh-z-dyvana/ title follows intent map
OK   /blog/yak-prybraty-zapakh-z-dyvana/ description follows intent map
OK   /blog/yak-prybraty-zapakh-z-dyvana/ keeps useful title/description lengths
OK   /blog/yak-prybraty-zapakh-z-dyvana/ loads quiet SEO UI helper
OK   /blog/yak-prybraty-zapakh-z-dyvana/ LocalBusiness names core service area
OK   /blog/yak-prybraty-zapakh-z-dyvana/ has BreadcrumbList schema
OK   /blog/yak-pochystyty-matrats-vdoma/ title follows intent map
OK   /blog/yak-pochystyty-matrats-vdoma/ description follows intent map
OK   /blog/yak-pochystyty-matrats-vdoma/ keeps useful title/description lengths
OK   /blog/yak-pochystyty-matrats-vdoma/ loads quiet SEO UI helper
OK   /blog/yak-pochystyty-matrats-vdoma/ LocalBusiness names core service area
OK   /blog/yak-pochystyty-matrats-vdoma/ has BreadcrumbList schema
OK   /blog/shcho-mozhna-i-ne-mozhna-chystyty-paroochysnykom/ title follows intent map
OK   /blog/shcho-mozhna-i-ne-mozhna-chystyty-paroochysnykom/ description follows intent map
OK   /blog/shcho-mozhna-i-ne-mozhna-chystyty-paroochysnykom/ keeps useful title/description lengths
OK   /blog/shcho-mozhna-i-ne-mozhna-chystyty-paroochysnykom/ loads quiet SEO UI helper
OK   /blog/shcho-mozhna-i-ne-mozhna-chystyty-paroochysnykom/ LocalBusiness names core service area
OK   /blog/shcho-mozhna-i-ne-mozhna-chystyty-paroochysnykom/ has BreadcrumbList schema
OK   /blog/yak-pomyty-vikna-robotom/ title follows intent map
OK   /blog/yak-pomyty-vikna-robotom/ description follows intent map
OK   /blog/yak-pomyty-vikna-robotom/ keeps useful title/description lengths
OK   /blog/yak-pomyty-vikna-robotom/ loads quiet SEO UI helper
OK   /blog/yak-pomyty-vikna-robotom/ LocalBusiness names core service area
OK   /blog/yak-pomyty-vikna-robotom/ has BreadcrumbList schema
OK   /polityka-konfidenciynosti/ title follows intent map
OK   /polityka-konfidenciynosti/ description follows intent map
OK   /polityka-konfidenciynosti/ keeps useful title/description lengths
OK   /polityka-konfidenciynosti/ loads quiet SEO UI helper
OK   /polityka-konfidenciynosti/ LocalBusiness names core service area
OK   /polityka-konfidenciynosti/ has BreadcrumbList schema
OK   indexable titles are unique
OK   indexable descriptions are unique
OK   /rishennia/textile/ owns task-intent H1
OK   /rishennia/textile/ does not masquerade as exact-model rental page
OK   /rishennia/textile/ solution hero has intrinsic geometry and priority
OK   /rishennia/mattress/ owns task-intent H1
OK   /rishennia/mattress/ does not masquerade as exact-model rental page
OK   /rishennia/mattress/ solution hero has intrinsic geometry and priority
OK   /rishennia/steam/ owns task-intent H1
OK   /rishennia/steam/ does not masquerade as exact-model rental page
OK   /rishennia/steam/ solution hero has intrinsic geometry and priority
OK   /rishennia/windows/ owns task-intent H1
OK   /rishennia/windows/ does not masquerade as exact-model rental page
OK   /rishennia/windows/ solution hero has intrinsic geometry and priority
OK   equipment pages keep exact commercial rental intent
OK   home communicates category and city before the brand hook
OK   home LCP image keeps fixed geometry
OK   stain article links informational intent into solution and Puzzi
OK   drying article links into textile solution
OK   mattress article links into mattress solution and recommended bundle
OK   karcher-sc2.html preserves legacy equity without stale copy
OK   karcher-sc2.html stays out of sitemap
OK   abir-wd8.html preserves legacy equity without stale copy
OK   abir-wd8.html stays out of sitemap
OK   jimmy-jv35.html preserves legacy equity without stale copy
OK   jimmy-jv35.html stays out of sitemap
OK   karcher-puzzi.html preserves legacy equity without stale copy
OK   karcher-puzzi.html stays out of sitemap
OK   404.html stays noindex without canonicalizing to home
OK   404/index.html stays noindex without canonicalizing to home
OK   _not-found/index.html stays noindex without canonicalizing to home
OK   sitemap lastmod values are valid route content dates
OK   future deploys no longer rewrite every sitemap lastmod
OK   admin and short internal bridges remain out of sitemap
v4.1.47 SEO + Local SEO: 209/209 OK

=== test:v4.1.47-area-patch ===

> vacleaner-static@4.2.30 test:v4.1.47-area-patch
> node scripts/test-v4-1-47-local-area-patch.mjs

OK   patch release is coherent
OK   index.html keeps the full service area in Local SEO
OK   index.html widens Local SEO entity to Poltava district
OK   dostavka/index.html keeps the full service area in Local SEO
OK   dostavka/index.html widens Local SEO entity to Poltava district
OK   faq/index.html keeps the full service area in Local SEO
OK   faq/index.html widens Local SEO entity to Poltava district
OK   tekhnika/karcher-puzzi-8-1/index.html keeps the full service area in Local SEO
OK   tekhnika/karcher-puzzi-8-1/index.html widens Local SEO entity to Poltava district
OK   tekhnika/karcher-puzzi-8-1/index.html Service schema inherits wider service area
OK   rishennia/textile/index.html keeps the full service area in Local SEO
OK   rishennia/textile/index.html widens Local SEO entity to Poltava district
OK   rishennia/textile/index.html Service schema inherits wider service area
OK   delivery page states the four-settlement 250 tier
OK   delivery page separates other suburb pricing after local tier
OK   FAQ separates other suburb pricing
OK   outside-zone pricing remains confirmation based
OK   no suburb doorway pages were introduced
v4.1.47.1 local area patch: 18/18 OK

=== test:v4.1.47.2-delivery-distance ===

> vacleaner-static@4.2.30 test:v4.1.47.2-delivery-distance
> node scripts/test-v4-1-47-2-delivery-distance.mjs

OK   release 4.1.47.2 coherent
OK   distance tariff config
OK   local 250 settlements unchanged
OK   address service has route quote action
OK   address client stores route pricing distance
OK   public quote uses ceil km over included 10
OK   public request sends distance metadata
OK   public backend revalidates selected route on create
OK   public backend stores delivery distance snapshot
OK   admin quote uses distance
OK   admin sends distance metadata
OK   admin production gateway enforces distance tariff
OK   admin backend prices distance
OK   settings persists distance fields
OK   analytics records distance zone
OK   delivery public copy keeps simple suburb tariff while engine remains distance-based
OK   FAQ keeps simple suburb tariff
OK   terms keep simple suburb tariff
v4.1.47.2 delivery distance: 18/18 OK

=== test:v4.1.48-content-local-demand ===

> vacleaner-static@4.2.30 test:v4.1.48-content-local-demand
> node scripts/test-v4-1-48-content-local-demand.mjs

OK   release keeps v4.1.48+ content cluster
OK   yak-pochystyty-dyvan-vdoma exists
OK   yak-pochystyty-dyvan-vdoma owns SEO map entry
OK   yak-pochystyty-dyvan-vdoma is indexable in sitemap
OK   yak-pochystyty-dyvan-vdoma has canonical
OK   yak-pochystyty-dyvan-vdoma has article social type
OK   yak-pochystyty-dyvan-vdoma has BlogPosting
OK   yak-pochystyty-dyvan-vdoma has breadcrumb schema
OK   yak-pochystyty-dyvan-vdoma has LocalBusiness
OK   yak-pochystyty-dyvan-vdoma starts with quick answer
OK   yak-pochystyty-dyvan-vdoma has useful depth
OK   yak-pochystyty-dyvan-vdoma has contextual next-step links
OK   yak-pochystyty-dyvan-vdoma has one booking/picker CTA
OK   yak-prybraty-zapakh-z-dyvana exists
OK   yak-prybraty-zapakh-z-dyvana owns SEO map entry
OK   yak-prybraty-zapakh-z-dyvana is indexable in sitemap
OK   yak-prybraty-zapakh-z-dyvana has canonical
OK   yak-prybraty-zapakh-z-dyvana has article social type
OK   yak-prybraty-zapakh-z-dyvana has BlogPosting
OK   yak-prybraty-zapakh-z-dyvana has breadcrumb schema
OK   yak-prybraty-zapakh-z-dyvana has LocalBusiness
OK   yak-prybraty-zapakh-z-dyvana starts with quick answer
OK   yak-prybraty-zapakh-z-dyvana has useful depth
OK   yak-prybraty-zapakh-z-dyvana has contextual next-step links
OK   yak-prybraty-zapakh-z-dyvana has one booking/picker CTA
OK   yak-pochystyty-matrats-vdoma exists
OK   yak-pochystyty-matrats-vdoma owns SEO map entry
OK   yak-pochystyty-matrats-vdoma is indexable in sitemap
OK   yak-pochystyty-matrats-vdoma has canonical
OK   yak-pochystyty-matrats-vdoma has article social type
OK   yak-pochystyty-matrats-vdoma has BlogPosting
OK   yak-pochystyty-matrats-vdoma has breadcrumb schema
OK   yak-pochystyty-matrats-vdoma has LocalBusiness
OK   yak-pochystyty-matrats-vdoma starts with quick answer
OK   yak-pochystyty-matrats-vdoma has useful depth
OK   yak-pochystyty-matrats-vdoma has contextual next-step links
OK   yak-pochystyty-matrats-vdoma has one booking/picker CTA
OK   shcho-mozhna-i-ne-mozhna-chystyty-paroochysnykom exists
OK   shcho-mozhna-i-ne-mozhna-chystyty-paroochysnykom owns SEO map entry
OK   shcho-mozhna-i-ne-mozhna-chystyty-paroochysnykom is indexable in sitemap
OK   shcho-mozhna-i-ne-mozhna-chystyty-paroochysnykom has canonical
OK   shcho-mozhna-i-ne-mozhna-chystyty-paroochysnykom has article social type
OK   shcho-mozhna-i-ne-mozhna-chystyty-paroochysnykom has BlogPosting
OK   shcho-mozhna-i-ne-mozhna-chystyty-paroochysnykom has breadcrumb schema
OK   shcho-mozhna-i-ne-mozhna-chystyty-paroochysnykom has LocalBusiness
OK   shcho-mozhna-i-ne-mozhna-chystyty-paroochysnykom starts with quick answer
OK   shcho-mozhna-i-ne-mozhna-chystyty-paroochysnykom has useful depth
OK   shcho-mozhna-i-ne-mozhna-chystyty-paroochysnykom has contextual next-step links
OK   shcho-mozhna-i-ne-mozhna-chystyty-paroochysnykom has one booking/picker CTA
OK   yak-pomyty-vikna-robotom exists
OK   yak-pomyty-vikna-robotom owns SEO map entry
OK   yak-pomyty-vikna-robotom is indexable in sitemap
OK   yak-pomyty-vikna-robotom has canonical
OK   yak-pomyty-vikna-robotom has article social type
OK   yak-pomyty-vikna-robotom has BlogPosting
OK   yak-pomyty-vikna-robotom has breadcrumb schema
OK   yak-pomyty-vikna-robotom has LocalBusiness
OK   yak-pomyty-vikna-robotom starts with quick answer
OK   yak-pomyty-vikna-robotom has useful depth
OK   yak-pomyty-vikna-robotom has contextual next-step links
OK   yak-pomyty-vikna-robotom has one booking/picker CTA
OK   blog index features yak-pochystyty-dyvan-vdoma
OK   blog index features skilky-sokhne-dyvan-pislia-chyshchennia
OK   blog index features yak-prybraty-zapakh-z-dyvana
OK   blog index features yak-pochystyty-matrats-vdoma
OK   blog index features shcho-mozhna-i-ne-mozhna-chystyty-paroochysnykom
OK   blog index features yak-pomyty-vikna-robotom
OK   blog index preserves supporting yak-vyvesty-plyamu-z-dyvana
OK   blog index preserves supporting yak-pochystyty-matrats-pislia-dytyny
OK   blog index visibly separates priority and supporting clusters
OK   rishennia/textile/index.html has one related-content block
OK   rishennia/textile/index.html links yak-pochystyty-dyvan-vdoma
OK   rishennia/textile/index.html links yak-prybraty-zapakh-z-dyvana
OK   rishennia/textile/index.html links skilky-sokhne-dyvan-pislia-chyshchennia
OK   rishennia/mattress/index.html has one related-content block
OK   rishennia/mattress/index.html links yak-pochystyty-matrats-vdoma
OK   rishennia/mattress/index.html links yak-pochystyty-matrats-pislia-dytyny
OK   rishennia/steam/index.html has one related-content block
OK   rishennia/steam/index.html links shcho-mozhna-i-ne-mozhna-chystyty-paroochysnykom
OK   rishennia/windows/index.html has one related-content block
OK   rishennia/windows/index.html links yak-pomyty-vikna-robotom
OK   tekhnika/karcher-puzzi-8-1/index.html has one related-content block
OK   tekhnika/karcher-puzzi-8-1/index.html links yak-pochystyty-dyvan-vdoma
OK   tekhnika/karcher-puzzi-8-1/index.html links yak-prybraty-zapakh-z-dyvana
OK   tekhnika/karcher-sc-2-deluxe/index.html has one related-content block
OK   tekhnika/karcher-sc-2-deluxe/index.html links shcho-mozhna-i-ne-mozhna-chystyty-paroochysnykom
OK   tekhnika/robot-dlia-vikon-abir/index.html has one related-content block
OK   tekhnika/robot-dlia-vikon-abir/index.html links yak-pomyty-vikna-robotom
OK   blog/skilky-sokhne-dyvan-pislia-chyshchennia/index.html has supporting crosslinks
OK   blog/yak-vyvesty-plyamu-z-dyvana/index.html has supporting crosslinks
OK   blog/yak-pochystyty-matrats-pislia-dytyny/index.html has supporting crosslinks
OK   content cluster CSS exists
OK   no suburb doorway content pages were created
OK   content cluster is preserved in canonical static baseline without replaying the historical generator
v4.1.48 Content & Local Demand: 94/94 OK

=== test:v4.1.49-performance-ci ===

> vacleaner-static@4.2.30 test:v4.1.49-performance-ci
> node scripts/test-v4-1-49-performance-ci.mjs

OK   release keeps v4.1.49+ performance contract
OK   home no longer eagerly downloads the full Smart Guide engine
OK   booking no longer eagerly downloads the full Smart Guide engine
OK   /pidbir keeps the complete interactive quiz engine
OK   home bootstrap lazy-loads the quiz only on user intent
OK   full quiz exposes an explicit lazy-open bridge
OK   generic E2E selects a Smart Entry task before clicking equipment
OK   mobile E2E reveals Smart Entry task before Puzzi + Jimmy bundle
OK   mobile E2E opens collapsed promo disclosure before filling promo
OK   mobile home E2E budgets the Local SEO intent line and still guards first-screen CTA
OK   PWA/browser QA mock follows production admin-bookings-v4 gateway
OK   E2E deposit assertion follows current final-settlement wording
OK   workflow has independent static and browser gates
OK   browser suites use one canonical runner that aggregates all results
OK   deploy waits for both validation and browser QA
OK   v4.1.48 content tests are part of canonical CI
OK   v4.1.49 performance contract is part of canonical CI
OK   home raw local JS stays within 760 KiB (665 KiB)
OK   booking raw local JS stays within 1100 KiB (1029 KiB)
OK   Smart Guide route raw local JS stays within 90 KiB (77 KiB)
OK   route bootstraps remain lightweight
v4.1.49 performance + CI: 21/21 OK

=== test:v4.1.50-full-qa ===

> vacleaner-static@4.2.30 test:v4.1.50-full-qa
> node scripts/test-v4-1-50-full-qa.mjs

OK   release keeps v4.1.50 baseline
OK   Smart Entry hover keeps dark readable state
OK   booking hardening uses current cache key
OK   delivery has no ambiguous pre-address from-label
OK   delivery hint promises route-based pricing
OK   address client retries normalized variants
OK   address backend retries Photon variants
OK   Poltava street fallback can keep typed house number
OK   package puzzi_jimmy uses price grid
OK   package puzzi_abir uses price grid
OK   package combo uses price grid
OK   package general uses price grid
OK   package ideal_windows uses price grid
OK   package elite uses price grid
OK   all package cards show weekday and weekend labels
OK   no universal soft-brush instruction remains
OK   no amateur immediate-extraction phrase remains
OK   core upholstery process includes 5–10 minute dwell
OK   core process explicitly collects moisture before adding more solution
OK   SPOT FIX uses white-towel blotting
OK   STAIN OX has clear dwell and Puzzi rinse
OK   Jimmy keeps a distinct dry-preparation role without technical overclaim
OK   window robot article requires power and safety rope
OK   browser E2E checks Smart Entry hover contrast
v4.1.50 full QA: 24/24 OK

=== test:v4.1.51-quiz-positioning ===

> vacleaner-static@4.2.30 test:v4.1.51-quiz-positioning
> node scripts/test-v4-1-51-quiz-positioning.mjs

OK   release keeps v4.1.51 positioning
OK   booking frames the first action as a task choice
OK   task choice promises filtering instead of personalized selection
OK   quiz has a separate precision promise
OK   old competing mini-quiz language is gone
OK   duplicate banner is removed instead of injected
OK   full quiz runtime also removes a cached legacy banner
OK   booking step intro hides while task choice is visible
OK   quiz distinction has a responsive visual separator
OK   CI runs quiz positioning regression
v4.1.51 quiz positioning: 10/10 OK

=== test:v4.1.52-manual-address-fallback ===

> vacleaner-static@4.2.30 test:v4.1.52-manual-address-fallback
> node scripts/test-v4-1-52-manual-address-fallback.mjs

OK   release keeps v4.1.52+ fallback contract
OK   unverified address has a distinct manual quote state
OK   delivery card leads with the main Poltava tariff
OK   desktop summary keeps manual quote pending until address confirmation
OK   manual quote explains manager confirmation
OK   address lookup miss keeps manual entry possible without tariff spam
OK   provider failure has the same quiet fallback
OK   initial booking copy is concise and explicit
OK   hydrated booking copy matches initial HTML
OK   CI runs this regression
v4.1.52 manual address fallback: 10/10 OK

=== test:v4.1.53-address-provider-repair ===

> vacleaner-static@4.2.30 test:v4.1.53-address-provider-repair
> node scripts/test-v4-1-53-address-provider-repair.mjs

OK   release keeps v4.1.53+ address repair
OK   Photon request no longer sends unsupported Ukrainian lang value
OK   address provider remains constrained to Ukraine and the service area
OK   Photon keeps native OSM names instead of forced transliteration
OK   real provider errors are still treated as degraded service
OK   established local settlements keep the 250 UAH tariff
OK   address client fallback keeps all four local settlements
OK   public delivery copy separates local zone from other suburbs
OK   CI runs this regression
v4.1.53 address provider repair: 9/9 OK

=== test:v4.1.54-local-zone-correction ===

> vacleaner-static@4.2.30 test:v4.1.54-local-zone-correction
> node scripts/test-v4-1-54-local-zone-correction.mjs

OK   release keeps v4.1.54+ local-zone correction
OK   central config keeps all four 250 UAH settlements
OK   browser fallback keeps all four local settlements
OK   public booking backend has the corrected local zone
OK   admin backend has the corrected local zone
OK   settings backend has the corrected local zone
OK   public copy distinguishes the local zone from other suburbs
OK   CI runs this correction regression
v4.1.54 local zone correction: 8/8 OK

=== test:v4.1.55-clear-advice ===

> vacleaner-static@4.2.30 test:v4.1.55-clear-advice
> node scripts/test-v4-1-55-clear-advice.mjs

v4.1.55 clear advice: 43/43 OK

=== test:v4.1.56-price-delivery-copy ===

> vacleaner-static@4.2.30 test:v4.1.56-price-delivery-copy
> node scripts/test-v4-1-56-price-delivery-copy.mjs

v4.1.56 price/delivery copy: 25/25 OK

=== test:v4.1.57-analytics-truth ===

> vacleaner-static@4.2.30 test:v4.1.57-analytics-truth
> node scripts/test-v4-1-57-analytics-truth-stability.mjs

PASS: analytics sleeping-client exclusion includes pending
PASS: campaign SMS audience excludes pending bookings
PASS: admin-data reactivation audience excludes pending bookings
PASS: booking promo blocks pending active booking
PASS: admin phone promo blocks pending active booking
PASS: analytics uses completed_at before return_date
PASS: campaigns selects completed_at
PASS: campaigns prefers completed_at for last completed rental
PASS: admin data selects completed_at
PASS: admin data prefers completed_at for last completed rental
PASS: booking promo selects completed_at
PASS: booking promo prefers completed_at for last completed rental
PASS: admin bookings selects completed_at
PASS: admin bookings prefers completed_at for last completed rental
PASS: revenue breakdown exposes reconciliation adjustment
PASS: revenue mismatch is not silently pushed into rental
PASS: UI exposes unreconciled finance data
PASS: issue-day demand separates committed and potential statuses
PASS: issue-day demand is based on start_date inside selected period
PASS: funnel conversion uses resolved outcomes
PASS: funnel explicitly shows active and lost bookings
PASS: source performance exposes completion rate
PASS: reactivation panels disclose today scope
PASS: booking smart entry preserved: Що плануєте почистити?
PASS: booking smart entry preserved: Диван / крісла
PASS: booking smart entry preserved: Матрац / ліжко
PASS: booking smart entry preserved: Кухня / ванна
PASS: booking smart entry preserved: Вікна / дзеркала
PASS: booking smart entry preserved: Кілька зон / весь дім
PASS: booking smart entry preserved: Я знаю, яку техніку хочу
PASS: booking smart entry preserved: Пройти точний підбір за 30 секунд
PASS: config generator reads the canonical config/vacleaner.json
PASS: browser core carries current config source hash
PASS: vacleaner-settings generated config carries current source hash
PASS: vacleaner-booking-v5 generated config carries current source hash
PASS: vacleaner-admin-bookings-v3 generated config carries current source hash
PASS: stamp no longer replays historical patch: apply-content-v4148.mjs
PASS: stamp no longer replays historical patch: apply-seo-v4147.mjs
PASS: stamp no longer replays historical patch: apply-performance-v4149.mjs
PASS: stamp no longer replays historical patch: apply-v4150-full-qa.mjs
PASS: stamp no longer replays historical patch: apply-v4152-manual-address-fallback.mjs
PASS: stamp no longer replays historical patch: apply-v4153-address-provider-repair.mjs
PASS: stamp no longer replays historical patch: apply-v4155-clear-advice.mjs
PASS: stamp no longer replays historical patch: apply-v4156-price-rhythm-delivery-copy.mjs
PASS: stamp keeps deterministic normalizer: sync-static-copy.mjs
PASS: stamp keeps deterministic normalizer: harden-public-metadata.mjs
PASS: stamp keeps deterministic normalizer: generate-config.mjs
PASS: stamp keeps deterministic normalizer: apply-delivery-settings.mjs
PASS: stamp retires historical per-km delivery patch
PASS: final description present in index.html
PASS: sync-static-copy preserves final description for index.html
PASS: final description present in vidhuky/index.html
PASS: sync-static-copy preserves final description for vidhuky/index.html
PASS: final description present in umovy/index.html
PASS: sync-static-copy preserves final description for umovy/index.html
PASS: final description present in rishennia/textile/index.html
PASS: sync-static-copy preserves final description for rishennia/textile/index.html
PASS: final description present in rishennia/steam/index.html
PASS: sync-static-copy preserves final description for rishennia/steam/index.html
PASS: final description present in rishennia/windows/index.html
PASS: sync-static-copy preserves final description for rishennia/windows/index.html
{"passed":61,"failed":0}

=== test:v4.1.58-delivery-zones ===

> vacleaner-static@4.2.30 test:v4.1.58-delivery-zones
> node scripts/test-v4-1-58-delivery-zones-fuel.mjs

OK   release coherent
OK   agreed tariffs
OK   agreed route bands
OK   Dykanka 31 km resolves to 900
OK   over 40 requires manager
OK   fuel defaults editable
OK   public uses route km
OK   analytics uses same route-zone model
OK   admin has five tariffs and fuel settings
OK   admin displays four-leg economics
OK   settings persists fuel
OK   server uses route distance
OK   gateway has no duplicated tariffs
v4.1.58 delivery zones & fuel: 13/13 OK

=== test:v4.1.61-mobile-density ===

> vacleaner-static@4.2.30 test:v4.1.61-mobile-density
> node scripts/test-v4-1-61-mobile-home-density.mjs

OK   release coherent
OK   mobile density pass is present
OK   mobile hero media is shortened
OK   solution photography stays editorial but compact
OK   founder panel is compact on phone
OK   reviews become a large snap carousel instead of three stacked screens
OK   mobile footer keeps two useful columns
OK   desktop package price rhythm survives
OK   homepage keeps all four task solutions
OK   homepage keeps all three packages
OK   homepage keeps all three process visuals
OK   browser density QA is wired
v4.1.61 Mobile homepage density: 12/12 OK

=== test:v4.1.62-puzzi-density ===

> vacleaner-static@4.2.30 test:v4.1.62-puzzi-density
> node scripts/test-v4-1-62-puzzi-mobile-density.mjs

OK   release coherent
OK   Puzzi mobile density layer exists
OK   Puzzi hero media is shorter on phones
OK   task zones use large horizontal snap cards
OK   cleaning steps use horizontal snap cards
OK   proof photography uses horizontal snap browsing
OK   terms remain fully visible
OK   all four task zones remain in markup
OK   all five cleaning steps remain in markup
OK   all three proof cards remain in markup
OK   browser equipment density QA is wired
v4.1.62 Puzzi mobile density: 11/11 OK

=== test:v4.1.63-stability-readability ===

> vacleaner-static@4.2.30 test:v4.1.63-stability-readability
> node scripts/test-v4-1-63-stability-readability.mjs

OK  release is 4.1.63+
OK  delivery normalizer excludes React booking summaries
OK  growth QA distinguishes intentional horizontal scrollers
OK  content QA distinguishes intentional horizontal scrollers
OK  blog/skilky-sokhne-dyvan-pislia-chyshchennia/index.html uses four editorial chapters
OK  blog/skilky-sokhne-dyvan-pislia-chyshchennia/index.html removes numbered H2 manual rhythm
OK  blog/yak-pochystyty-dyvan-vdoma/index.html uses four editorial chapters
OK  blog/yak-pochystyty-dyvan-vdoma/index.html removes numbered H2 manual rhythm
OK  blog/yak-pochystyty-matrats-pislia-dytyny/index.html uses four editorial chapters
OK  blog/yak-pochystyty-matrats-pislia-dytyny/index.html removes numbered H2 manual rhythm
OK  blog/yak-pochystyty-matrats-vdoma/index.html uses four editorial chapters
OK  blog/yak-pochystyty-matrats-vdoma/index.html removes numbered H2 manual rhythm
OK  blog/yak-pomyty-vikna-robotom/index.html uses four editorial chapters
OK  blog/yak-pomyty-vikna-robotom/index.html removes numbered H2 manual rhythm
OK  blog/yak-prybraty-zapakh-z-dyvana/index.html uses four editorial chapters
OK  blog/yak-prybraty-zapakh-z-dyvana/index.html removes numbered H2 manual rhythm
OK  blog/yak-vyvesty-plyamu-z-dyvana/index.html uses four editorial chapters
OK  blog/yak-vyvesty-plyamu-z-dyvana/index.html removes numbered H2 manual rhythm
OK  article route recommendation has light surface and dark readable copy
OK  booking conditions helper is 12px+
OK  Puzzi instructional copy is 13px
OK  booking mobile deposit is no longer 9px
OK  browser QA protects package total from delivery rewrite
{"passed":23,"failed":[],"status":"passed"}

=== test:v4.2.0-admin-function-freeze ===

> vacleaner-static@4.2.30 test:v4.2.0-admin-function-freeze
> node scripts/test-v4-2-0-admin-function-freeze.mjs

PASS: admin/bronuvannia/index.html structure is frozen to v4.1.63 baseline
PASS: admin/bronuvannia.html structure is frozen to v4.1.63 baseline
PASS: admin/sw.js remains frozen to approved admin identity/shell baseline
PASS: assets/admin-glass-test.js remains frozen to approved admin identity/shell baseline
PASS: assets/admin-glass-test.css remains frozen to approved admin identity/shell baseline
PASS: admin/manifest.webmanifest remains frozen to approved admin identity/shell baseline
PASS: admin/icon-192.png remains frozen to approved admin identity/shell baseline
PASS: admin/icon-512.png remains frozen to approved admin identity/shell baseline
PASS: admin/apple-touch-icon.png remains frozen to approved admin identity/shell baseline
PASS: admin/favicon.ico remains frozen to approved admin identity/shell baseline
PASS: approved client primary actions stay compact 2-column
PASS: approved client contact actions stay compact and responsive
PASS: 320px fallback keeps client actions readable
PASS: admin/bronuvannia/index.html is isolated from new public v4.2 modules
PASS: admin/bronuvannia.html is isolated from new public v4.2 modules
{
  "passed": 15,
  "failed": [],
  "status": "passed"
}

=== test:v4.2.0-public-architecture ===

> vacleaner-static@4.2.30 test:v4.2.0-public-architecture
> node scripts/test-v4-2-0-public-architecture.mjs

PASS: release keeps v4.2 modular architecture baseline
PASS: assets/public-shared.css exists
PASS: assets/public-booking.css exists
PASS: assets/public-guide.css exists
PASS: assets/public-home.css exists
PASS: assets/public-runtime-loader.js exists
PASS: assets/public-experience-runtime.js exists
PASS: assets/public-booking-route-loader.js exists
PASS: assets/site-attribution.js exists
PASS: assets/public-shared.css stays within 24 KiB
PASS: assets/public-booking.css stays within 30 KiB
PASS: assets/public-guide.css stays within 38 KiB
PASS: assets/public-home.css stays within 10 KiB
PASS: assets/public-runtime-loader.js stays within 2 KiB
PASS: assets/public-experience-runtime.js stays within 66 KiB
PASS: assets/public-booking-route-loader.js stays within 2 KiB
PASS: assets/site-attribution.js stays within 5 KiB
PASS: booking/guide/home modules contain no !important
PASS: public !important debt is reduced to the ten mobile-shell overrides
PASS: runtime is route-aware instead of globally eager
PASS: booking route loader inherits stamped build without hard-coded child versions
PASS: runtime can boot safely when lazy-loaded after DOMContentLoaded
PASS: runtime no longer embeds historical booking hardening/trust loaders
PASS: legacy monoliths are source-only and excluded from Pages artifact
PASS: no public HTML route references legacy public-experience monoliths
PASS: home gets shared + guide + home modules
PASS: booking gets shared + guide + booking modules and route loader
PASS: standalone quiz gets guide styles but no booking/home module
PASS: simple contacts route stays on shared CSS only
PASS: editorial article stays on shared CSS only
PASS: site attribution is public-wide while booking funnel analytics is booking-only
PASS: full delivery FAQ copy stays synchronized across home, FAQ and equipment pages
PASS: delivery page carries the same suburb promise before prepayment
PASS: no full FAQ surface hides suburb pricing behind a Poltava-only answer
PASS: admin remains isolated from all v4.2 public modules
{
  "passed": 35,
  "failed": [],
  "status": "passed",
  "importantCounts": {
    "assets/public-shared.css": 10,
    "assets/public-booking.css": 0,
    "assets/public-guide.css": 0,
    "assets/public-home.css": 0
  }
}

=== test:v4.2.1-referral ===

> vacleaner-static@4.2.30 test:v4.2.1-referral
> node scripts/test-v4-2-1-referral-program.mjs

PASS: release includes v4.2.1 referral program
PASS: migration stores optional Instagram and preferred channel
PASS: migration creates permanent referral codes
PASS: friend discount is fixed at 100 UAH
PASS: reward is fixed at 150 UAH
PASS: cancelled first attempt releases friend eligibility
PASS: referral relationships follow customer phone updates
PASS: referral tables deny direct browser roles
PASS: public/admin referral helper stays identical
PASS: self referral is rejected
PASS: friend code is first-rental only
PASS: one active/completed friend use per phone
PASS: reward lifetime is 150 days
PASS: completed referred rental creates referrer reward
PASS: cancelled/declined booking can release claimed reward
PASS: public promo field accepts referral code before ordinary promos
PASS: friend referral is stored separately from source channel
PASS: public pricing compares promo against loyalty plus earned referral
PASS: public booking claims reward only after booking creation
PASS: admin has referral summary and expiring-bonus endpoints
PASS: expiry reminder queue is 30 days and hides already reminded rewards
PASS: reminder send requires explicit confirmation and never overwrites preferred contact
PASS: manual admin create validates friend referral
PASS: cancelled and declined rentals release referral claims
PASS: completed state activates referral reward
PASS: manual booking includes Telegram, Instagram, preferred channel and friend code
PASS: manual booking submits referral/contact fields
PASS: client lookup previews earned referral reward
PASS: completed booking exposes referral share action
PASS: admin supports Telegram and Instagram referral sharing with two-step confirmation
PASS: admin shows expiring bonus reminder queue
PASS: public booking renders optional Telegram field even when React form has none
PASS: public booking sends both social contacts and preferred channel to API
PASS: Regular 5% stacks with earned −150 referral
PASS: VIP 10% stacks with earned −150 referral
PASS: weaker promo does not displace VIP plus earned referral
PASS: stronger promo replaces referral bundle without stacking
PASS: manual discount blocks earned referral stacking
PASS: referral reward never reduces base below zero
PASS: referral admin UI has dedicated mobile containment
PASS: CI runs static referral regression test
{
  "passed": 41,
  "failed": [],
  "status": "passed"
}

=== test:v4.2.2-hardening ===

> vacleaner-static@4.2.30 test:v4.2.2-hardening
> node scripts/test-v4-2-2-hardening.mjs

PASS: release preserves v4.2.2 hardening baseline
PASS: Smart Guide price comes from canonical catalog
PASS: Smart Guide extras price comes from canonical catalog
PASS: pidbir loads generated core before quiz
PASS: home lazy loader loads core before quiz
PASS: route runtime loads canonical core before experience runtime
PASS: Smart Guide browser QA boots canonical core before quiz
PASS: campaign KPI labels can wrap at 901–1180 without shrinking copy
PASS: referral first-rental rule blocks prior active bookings
PASS: completed referral rollback blocks already-used reward
PASS: completed referral rollback returns use to pending and cancels unused reward
PASS: re-completion resets reward usage/reminder state
PASS: referral send is explicit two-step
PASS: referral send does not overwrite preferred contact
PASS: v4.1.28 phone-promo assertion remains compatible
PASS: Smart Guide removes unnecessary technical jargon
PASS: public local images reserve layout space
{
  "passed": 17,
  "failed": [],
  "status": "passed"
}

=== test:v4.2.5-baseline-compatibility ===

> vacleaner-static@4.2.30 test:v4.2.5-baseline-compatibility
> node scripts/test-v4-2-5-baseline-compatibility.mjs

PASS: v4.1.63 route baseline keeps 29 sitemap URLs
PASS: baseline route retained: https://vacleaner.pp.ua/
PASS: baseline route retained: https://vacleaner.pp.ua/bronuvannia/
PASS: baseline route retained: https://vacleaner.pp.ua/pidbir/
PASS: baseline route retained: https://vacleaner.pp.ua/komplekty/
PASS: baseline route retained: https://vacleaner.pp.ua/tekhnika/karcher-puzzi-8-1/
PASS: canonical v4.1.63 business config remains unchanged outside editable fuel economics
PASS: canonical package label retained: Kärcher Puzzi 8/1
PASS: canonical package label retained: Глибоке очищення диванів і матраців
PASS: canonical package label retained: Дивани + вікна
PASS: canonical package label retained: Kärcher SC 2
PASS: canonical package label retained: Робот для вікон
PASS: canonical package label retained: Дивани + кухня та ванна
PASS: canonical package label retained: Генеральне прибирання
PASS: canonical package label retained: Ідеальні вікна
PASS: canonical package label retained: HOME RESET
PASS: booking wizard retains id="booking-products"
PASS: booking wizard retains id="booking-dates"
PASS: booking wizard retains id="booking-extras"
PASS: booking wizard retains id="booking-contact"
PASS: Smart Guide value restored without old full-height duplicate
PASS: blog readability avoids technical UV/60C explanation
PASS: 30-day referral reminder queue retained
PASS: referral reminder stays manual-confirmed
{"passed":24,"failed":[],"status":"passed"}

=== test:v4.2.7-backend-route-cleanup ===

> vacleaner-static@4.2.30 test:v4.2.7-backend-route-cleanup
> node scripts/test-v4-2-7-backend-route-cleanup.mjs

OK   admin frontend points to direct v4
OK   active frontend does not point to legacy admin routes
OK   v4 does not proxy v3
OK   v4 performs internal user authentication
OK   admin-data performs internal user authentication
OK   active manager functions use custom-auth gateway policy
OK   vacleaner-admin-bookings-v4 keeps internal auth
OK   vacleaner-admin-data-v1 keeps internal auth
OK   vacleaner-campaigns-v1 keeps internal auth
OK   vacleaner-sms-v2 keeps internal auth
OK   vacleaner-sms-audit-v1 keeps internal auth
OK   vacleaner-booking-promo-v1 keeps internal auth
OK   vacleaner-status-correction-v1 keeps internal auth
OK   vacleaner-customer-documents-v1 keeps internal auth
OK   vacleaner-extend-rental-v1 keeps internal auth
OK   vacleaner-push keeps internal auth
OK   no active admin compatibility proxy remains
OK   campaign to SMS dependency is explicit and isolated
OK   legacy admin functions are rollback-only
v4.2.7 backend route cleanup: 19/19 OK

=== test:v4.2.8-recovery ===

> vacleaner-static@4.2.30 test:v4.2.8-recovery
> node scripts/test-v4-2-8-admin-recovery.mjs

PASS tracks confirmed data load
PASS error cannot turn into fake empty state
PASS live recovery starts before first network load
PASS failed first load is fully retried
PASS live refresh preserves last good data on failure
Admin recovery 5/5 PASS

=== test:v4.2.9-referral-analytics ===

> vacleaner-static@4.2.30 test:v4.2.9-referral-analytics
> node scripts/test-v4-2-9-referral-analytics.mjs

PASS durable referral message journal exists
PASS journal distinguishes invite and reminder
PASS historical confirmed send is backfilled
PASS journal is browser-denied by RLS
PASS backend exposes referral analytics action
PASS analytics returns messages uses rewards
PASS analytics includes booking revenue context
PASS confirmed invite writes journal event
PASS summary returns invite history
PASS summary enriches referred client and booking
PASS admin lazy-loads referral analytics
PASS admin has referral cohort conversion
PASS analytics shows conversion and referral revenue
PASS analytics separates earned from used rewards
PASS analytics compares Instagram and Telegram
PASS analytics has top referrers
PASS referral modal has durable sent status
PASS referral modal exposes copy code and text
PASS referral modal explains missing contact
PASS referral modal shows referral and reward histories
PASS send confirmation is explicit
PASS referral analytics responsive styling exists
PASS production security inventory includes referral messages

23/23 checks passed

=== test:v4.2.10-referral-phone ===

> vacleaner-static@4.2.30 test:v4.2.10-referral-phone
> node scripts/test-v4-2-10-referral-phone-telegram.mjs

PASS phone is recognized as Telegram fallback
PASS Telegram channel exists without username
PASS customer-facing CTA hides transport detail
PASS sender still passes customer phone
PASS PWA build follows release
Referral Telegram phone fallback: 5/5

=== test:v4.2.11-cache-bust ===

> vacleaner-static@4.2.30 test:v4.2.11-cache-bust
> node scripts/test-v4-2-11-cache-bust.mjs

PASS release/package coherent
PASS admin service worker cache bumped
PASS admin runtime PWA build bumped
PASS admin HTML asset query bumped
PASS Telegram phone fallback is digit-normalized
v4.2.11 cache bust: 5/5

=== test:v4.2.12-referral-ux ===

> vacleaner-static@4.2.30 test:v4.2.12-referral-ux
> node scripts/test-v4-2-12-referral-ux.mjs

PASS release coherent
PASS single-channel UI avoids redundant chooser
PASS Telegram CTA is human and transport-neutral
PASS compact KPI summary replaces four zero cards
PASS empty referral history is one intentional state
PASS empty history sections are conditional
PASS main action explains automatic copy and confirmation
PASS two-step send confirmation remains
PASS compact modal and empty state styling exist
PASS mobile summary stays readable
Referral UX polish: 10/10

=== test:v4.2.13-admin-typography ===

> vacleaner-static@4.2.30 test:v4.2.13-admin-typography
> node scripts/test-v4-2-13-admin-typography.mjs

PASS release metadata is coherent
PASS admin ops UX layer exists
PASS global search is available
PASS weekly report card is available
PASS client next action card is available
Admin typography: 5/5

=== test:v4.2.14-admin-ops-ux ===

> vacleaner-static@4.2.30 test:v4.2.14-admin-ops-ux
> node scripts/test-v4-2-14-admin-ops-ux.mjs

PASS release metadata is coherent
PASS global admin search view exists
PASS delivery profitability view exists
PASS equipment payback view exists
PASS weekly ops report exists
PASS client next action exists
PASS city delivery fuel settings exist
PASS admin ops UX styles exist

8 checks passed.

=== test:v4.2.15-browser-contracts ===

> vacleaner-static@4.2.30 test:v4.2.15-browser-contracts
> node scripts/test-v4-2-15-browser-contracts.mjs

PASS release coherent
PASS settings uses existing push device helper
PASS production health keeps stable browser selector
PASS delivery settings own full desktop width
PASS e2e understands global booking search hub
PASS pwa understands global search in analytics and clients
PASS desktop search audit understands global search groups
Browser contract guard: 7/7

=== test:v4.2.16-finance-truth ===

> vacleaner-static@4.2.30 test:v4.2.16-finance-truth
> node scripts/test-v4-2-16-finance-truth.mjs

PASS release coherent
PASS sidebar renders finances once
PASS payback uses explicit start baselines
PASS payback separates extra investment, repairs and upgrades from start cost
PASS delivery never renders dash distance tier
PASS unknown delivery distance does not fabricate fuel profit
PASS city delivery uses both cars and exposes their average
PASS finance truth styles exist
Finance truth: 8/8

=== test:v4.2.22-admin-truth-ux ===

> vacleaner-static@4.2.30 test:v4.2.22-admin-truth-ux
> node scripts/test-v4-2-22-admin-truth-ux.mjs

v4.2.22 ADMIN TRUTH & UX regression contracts: PASS

=== test:v4.2.23-system-spec-pwa-guard ===

> vacleaner-static@4.2.30 test:v4.2.23-system-spec-pwa-guard
> node scripts/test-v4-2-23-system-spec-pwa-guard.mjs

PASS: admin and public both expose separate address detail control
PASS: admin address setter restores separated detail
PASS: repeat client restore sends clean address plus detail into admin address controller
PASS: repeat client entrance is not silently copied into general customer comment
PASS: AI operating role is normative
PASS: AI operating rules cover production, QA branch and full regression
PASS: VA HOME isolation is explicit
PASS: source of truth update is mandatory
PASS: System Spec Guard enforces AI contracts
PASS: workflow preserves full history for behavioral diff guard
PASS: workflow executes canonical static runner containing System Spec Guard
v4.2.23 SYSTEM SPEC & PWA GUARD: 11/11 PASS

=== test:v4.2.24-finance-delivery-return ===

> vacleaner-static@4.2.30 test:v4.2.24-finance-delivery-return
> node scripts/test-v4-2-24-finance-delivery-return.mjs

v4.2.24 FINANCE / DELIVERY / RETURN / SETTINGS UX contracts: PASS

=== test:v4.2.25-admin-qa-repair ===

> vacleaner-static@4.2.30 test:v4.2.25-admin-qa-repair
> node scripts/test-v4-2-25-admin-qa-repair.mjs

v4.2.25 ADMIN QA REPAIR contracts: PASS

=== test:v4.2.26-booking-grid ===

> vacleaner-static@4.2.30 test:v4.2.26-booking-grid
> node scripts/test-v4-2-26-booking-grid.mjs

v4.2.26 BOOKING GRID regression contracts: PASS

=== test:v4.2.27-address-separation ===

> vacleaner-static@4.2.30 test:v4.2.27-address-separation
> node scripts/test-v4-2-27-address-separation.mjs

v4.2.27 ADDRESS SEPARATION regression contracts: PASS

=== test:v4.2.28-referral-modal ===

> vacleaner-static@4.2.30 test:v4.2.28-referral-modal
> node scripts/test-v4-2-28-referral-modal.mjs

v4.2.28 REFERRAL MODAL contracts: PASS

=== test:v4.2.29-admin-context-data ===

> vacleaner-static@4.2.30 test:v4.2.29-admin-context-data
> node scripts/test-v4-2-29-admin-context-data.mjs

v4.2.29 ADMIN CONTEXT + DATA contracts: PASS

=== test:v4.2.30-function-hardening ===

> vacleaner-static@4.2.30 test:v4.2.30-function-hardening
> node scripts/test-v4-2-30-function-hardening.mjs

PASS stable vadym vehicle label is Passat CC
PASS stable anna vehicle label is Fiesta
PASS canonical petrol price matches current production
PASS admin defaults use canonical vehicle labels
PASS settings normalizes vehicle labels by stable IDs
PASS obsolete 15-delivery calculator removed
PASS active finance delivery sample remains 30
PASS public create sends idempotency key
PASS admin create sends idempotency key
PASS public backend enforces create idempotency
PASS admin backend enforces create idempotency
PASS DB enforces unique create request ID
PASS immediate public push uses shared dispatch claim
PASS reminder shares new-booking dispatch key
PASS issue and return reminders are concurrency-deduped
PASS peer admin event push is deduped
PASS dispatch claim schema is versioned
PASS reminder state is pruned and cannot grow forever
PASS rental extension has no stale runtime GitHub imports
PASS stamp synchronizes extension shared modules
PASS active admin backend logs its real version
PASS referral send confirmation is short-window idempotent
PASS system spec records function hardening contracts
v4.2.30 function hardening: 23/23 PASS

=== test:admin-labels ===

> vacleaner-static@4.2.30 test:admin-labels
> node scripts/test-admin-product-labels.mjs

Admin product labels PASS: 36 checks.

=== test:client-promo-regression ===

> vacleaner-static@4.2.30 test:client-promo-regression
> node scripts/test-client-promo-regression.mjs

PASS: client card stats use completed rentals only
PASS: client card rental count excludes future/active bookings
PASS: client card spent total excludes future/active bookings
PASS: client card last rental comes from the latest completed rental
PASS: clients list KPIs count only completed rentals
PASS: client identity can still follow the newest booking without corrupting last completed date
PASS: promo bridge has no fragment-dropping meta refresh race
PASS: promo bridge activates fragment before converting it to a promo query
PASS: promo bridge accepts both short and full promo fragments
PASS: booking page does not double-prefix full promo hashes
PASS: promo bridge sends normalized code for #5AC12CB
PASS: promo bridge executes correctly for #5AC12CB
PASS: promo bridge sends normalized code for #VA-5AC12CB
PASS: promo bridge executes correctly for #VA-5AC12CB
{"passed":14,"failed":0}

=== test:calendar-live ===

> vacleaner-static@4.2.30 test:calendar-live
> node scripts/test-calendar-live-consistency.mjs

PASS: entering Calendar recalculates its snapshot from current bookings before render
PASS: live booking sync refreshes cached Calendar even while another view is open
PASS: today/past Calendar slots are not labelled as available
PASS: past/occupied Calendar slots cannot open a new booking
PASS: calendar recalculation function is present
PASS: 23.08 Puzzi reflects one remaining unit instead of full availability for the real transition-day pattern
PASS: unrelated equipment remains fully available
Calendar live consistency PASS: 7 checks

=== test:booking-gifts ===

> vacleaner-static@4.2.30 test:booking-gifts
> node scripts/test-booking-gift-policy.mjs

PASS: Puzzi chemistry covers Puzzi + ABIR frontend
PASS: Redundant Puzzi chemistry explainer card is removed from booking UX
PASS: Puzzi is always Story-eligible in frontend while legacy v5 may still report threshold eligibility
PASS: Story companion enforces Puzzi always / other rentals 1000 UAH rule
PASS: Sub-1000 Puzzi has an active chemistry-only Story reward
PASS: 1000+ Puzzi Story gift supports clear diffuser or chemistry choice
PASS: No-Puzzi 1000+ story gift is understandable without technical fallback copy
PASS: HOME RESET story bonus is chemistry, not duplicate diffuser
PASS: HOME RESET included diffuser selection stored
PASS: Story companion persists normalized gift metadata in booking JSON
PASS: Frontend submits Story choice and HOME RESET scent without fake Story scent selector
PASS: Frontend synchronizes Story reward to companion after booking creation
PASS: Admin shows gift selection operationally
PASS: Finance only applies 2 free packets when chemistry story gift selected
PASS: Gift UI has mobile responsive contract
PASS: Story 50 ml diffuser has no scent selector and companion stores no scent
PASS: HOME RESET scent choice links directly to VA HOME Entry collection
PASS: Public React booking stays compact while optional Telegram is supplied by contact companion
PASS: Admin customer UX supports optional Telegram for post-rental communication
PASS: E2E availability fixture mirrors Puzzi-or-1000 Stories eligibility
PASS: E2E Stories flow uses stable identity for an eligible 1000+ Puzzi bundle
{"passed":21,"failed":[],"status":"passed"}

=== build ===

> vacleaner-static@4.2.30 build
> node scripts/build-pages.mjs

Prepared Pages artifact: 240 files, 7916 KiB

=== QA SUMMARY ===
PASS  stamp
PASS  check
PASS  test:copy-integrity
PASS  test:package-language
PASS  test:delivery-settings
PASS  test:public-seo
PASS  test:growth-content
PASS  check:backend
PASS  test:deposit-policy
PASS  test:stabilization
PASS  test:css-architecture
PASS  test:public-visual-contract
PASS  test:retention
PASS  test:booking-cta
PASS  test:process-metadata
PASS  test:peer-admin-push
PASS  test:issue-workflow
PASS  test:financial-control
PASS  test:operational-health
PASS  test:analytics
PASS  test:smart-guide-logic
PASS  test:booking-date-default
PASS  test:pwa-static
PASS  test:sms-campaigns
PASS  test:auth-refresh
PASS  test:booking-extras
PASS  test:density
PASS  test:v4.1.28-regressions
PASS  test:v4.1.29-promo-issuance
PASS  test:v4.1.30-return-activation
PASS  test:v4.1.31-admin-booking-meta
PASS  test:v4.1.32-return-detach-ux
PASS  test:v4.1.33-navigation-typography
PASS  test:v4.1.34-address-assist
PASS  test:v4.1.35-suburb-address
PASS  test:v4.1.36-delivery-entrance
PASS  test:v4.1.37-booking-address-overflow
PASS  test:v4.1.39-admin-visual-polish
PASS  test:v4.1.41-fulfillment-ux
PASS  test:v4.1.44-booking-hardening
PASS  test:v4.1.45-trust-rules
PASS  test:v4.1.46-funnel-analytics
PASS  test:v4.1.47-seo-local
PASS  test:v4.1.47-area-patch
PASS  test:v4.1.47.2-delivery-distance
PASS  test:v4.1.48-content-local-demand
PASS  test:v4.1.49-performance-ci
PASS  test:v4.1.50-full-qa
PASS  test:v4.1.51-quiz-positioning
PASS  test:v4.1.52-manual-address-fallback
PASS  test:v4.1.53-address-provider-repair
PASS  test:v4.1.54-local-zone-correction
PASS  test:v4.1.55-clear-advice
PASS  test:v4.1.56-price-delivery-copy
PASS  test:v4.1.57-analytics-truth
PASS  test:v4.1.58-delivery-zones
PASS  test:v4.1.61-mobile-density
PASS  test:v4.1.62-puzzi-density
PASS  test:v4.1.63-stability-readability
PASS  test:v4.2.0-admin-function-freeze
PASS  test:v4.2.0-public-architecture
PASS  test:v4.2.1-referral
PASS  test:v4.2.2-hardening
PASS  test:v4.2.5-baseline-compatibility
PASS  test:v4.2.7-backend-route-cleanup
PASS  test:v4.2.8-recovery
PASS  test:v4.2.9-referral-analytics
PASS  test:v4.2.10-referral-phone
PASS  test:v4.2.11-cache-bust
PASS  test:v4.2.12-referral-ux
PASS  test:v4.2.13-admin-typography
PASS  test:v4.2.14-admin-ops-ux
PASS  test:v4.2.15-browser-contracts
PASS  test:v4.2.16-finance-truth
PASS  test:v4.2.22-admin-truth-ux
PASS  test:v4.2.23-system-spec-pwa-guard
PASS  test:v4.2.24-finance-delivery-return
PASS  test:v4.2.25-admin-qa-repair
PASS  test:v4.2.26-booking-grid
PASS  test:v4.2.27-address-separation
PASS  test:v4.2.28-referral-modal
PASS  test:v4.2.29-admin-context-data
PASS  test:v4.2.30-function-hardening
PASS  test:admin-labels
PASS  test:client-promo-regression
PASS  test:calendar-live
PASS  test:booking-gifts
PASS  build
TOTAL 88 · PASS 88 · FAIL 0
FULL QA GREEN
